record_id,reference_id,actual_uA_cm2,held_out_prediction_uA_cm2,actual_log10_A_cm2,held_out_prediction_log10_A_cm2,absolute_error_factor,scope
RECORR_000001,Tang2019,53.1,29.44263840537074,-4.274905478918531,-4.531023274716623,1.8035068484322323,same paper fully excluded from training; nested model selection
RECORR_000002,Tang2019,46.0,78.05481323558212,-4.337242168318426,-4.107600311087134,1.6968437659909146,same paper fully excluded from training; nested model selection
RECORR_000003,Tang2019,29.3,78.10523991720909,-4.533132379645891,-4.107319829236746,2.665707847003725,same paper fully excluded from training; nested model selection
RECORR_000004,MDPI26LaCe,1.893,83.27782256182326,-5.722849386036203,-4.079470638705824,43.99251059789922,same paper fully excluded from training; nested model selection
RECORR_000005,MDPI26LaCe,1.829,47.197144121820514,-5.737786294523583,-4.32608427953664,25.804890170486885,same paper fully excluded from training; nested model selection
RECORR_000006,MDPI26LaCe,1.29,59.91788854350908,-5.889410289700751,-4.222443499214792,46.44797561512333,same paper fully excluded from training; nested model selection
RECORR_000007,Zhang2025,3.07,33.298808658738736,-5.512861624522814,-4.477571304097019,10.846517478416537,same paper fully excluded from training; nested model selection
RECORR_000008,Zhang2025,2.13,33.298808658738736,-5.671620396561262,-4.477571304097019,15.633243501755263,same paper fully excluded from training; nested model selection
RECORR_000009,Zhang2025,1.71,33.298808658738736,-5.767003889607846,-4.477571304097019,19.472987519730243,same paper fully excluded from training; nested model selection
RECORR_000010,Coat24,182.0,59.32805230940336,-3.7399286120149253,-4.22673990895503,3.0676887731093334,same paper fully excluded from training; nested model selection
RECORR_000011,Coat24,65.9,42.0976699889777,-4.18111458540599,-4.375741940718553,1.5654073020491241,same paper fully excluded from training; nested model selection
RECORR_000012,Coat24,75.7,43.93510297735386,-4.120904120499927,-4.3571883513397855,1.722995847739774,same paper fully excluded from training; nested model selection
RECORR_000013,Coat24,95.3,43.069015846950265,-4.020907099361674,-4.365835052015485,2.2127275983889976,same paper fully excluded from training; nested model selection
NEW_Ma19FSS_FSS1,Ma19FSS,317.0,11.791017887352515,-3.4989407377822483,-4.9284487017939025,26.884871435911073,same paper fully excluded from training; nested model selection
NEW_Ma19FSS_FSS2,Ma19FSS,250.0,11.791017887352515,-3.6020599913279625,-4.9284487017939025,21.20257999677528,same paper fully excluded from training; nested model selection
NEW_Ma19FSS_FSS3,Ma19FSS,235.0,11.791017887352515,-3.6289321377282637,-4.9284487017939025,19.93042519696877,same paper fully excluded from training; nested model selection
NEW_Ma19FSS_FSS4,Ma19FSS,171.99999999999997,11.791017887352515,-3.7644715530924513,-4.9284487017939025,14.587375037781388,same paper fully excluded from training; nested model selection
NEW_Bridge25_1,Bridge25,477.0,8.36733064581758,-3.321481620959886,-5.077413068970929,57.00742807844327,same paper fully excluded from training; nested model selection
NEW_Bridge25_2,Bridge25,330.0,8.201266200961605,-3.4814860601221125,-5.086119091318927,40.237689146257345,same paper fully excluded from training; nested model selection
NEW_Bridge25_3,Bridge25,319.0,8.201266200961605,-3.496209316942819,-5.086119091318927,38.89643284138209,same paper fully excluded from training; nested model selection
NEW_UCS23_UCS-Q235BRE(C),UCS23,2020.0,14.110821637282829,-2.694648630553376,-4.85044769764543,143.15254291520975,same paper fully excluded from training; nested model selection
NEW_UCS23_UCS-Q235BRE(R),UCS23,1350.0,14.110821637282829,-2.869666231504994,-4.85044769764543,95.67125392848173,same paper fully excluded from training; nested model selection
NEW_UCS23_UCS-Q235B(R),UCS23,3840.0,15.063272248513508,-2.415668775632469,-4.8220806745427405,254.92468944647433,same paper fully excluded from training; nested model selection
NEW_UCS23_UCS-SPA-H(R),UCS23,4410.0,38.61915821611317,-2.3555614105321614,-4.41319719679384,114.19202809449133,same paper fully excluded from training; nested model selection
GCr23_hot_rolled_0,GCr23,4.199999999999999,415.97027189284364,-5.376750709602099,-3.380937705945926,99.04054092686746,same paper fully excluded from training; nested model selection
GCr23_hot_rolled_1,GCr23,3.17,360.31468694559214,-5.498940737782249,-3.443318035048047,113.66393909955596,same paper fully excluded from training; nested model selection
GCr23_annealed_0,GCr23,3.2399999999999998,403.4157597806352,-5.489454989793388,-3.3942471397076033,124.51103696933188,same paper fully excluded from training; nested model selection
GCr23_annealed_1,GCr23,2.08,354.8356512796309,-5.681936665037238,-3.449972751928886,170.59406311520698,same paper fully excluded from training; nested model selection
GCr23_quenched_tempered_0,GCr23,6.82,415.97027189284364,-5.166215625343521,-3.380937705945926,60.992708488686766,same paper fully excluded from training; nested model selection
GCr23_quenched_tempered_1,GCr23,5.35,360.31468694559214,-5.2716462179787715,-3.443318035048047,67.34853961599853,same paper fully excluded from training; nested model selection
CC25_verified_1,CC25,7.253,74.2998459925723,-5.139482322538254,-4.129012086436536,10.244015716610003,same paper fully excluded from training; nested model selection
CC25_verified_2,CC25,6.592999999999999,61.99792068212423,-5.180916924256297,-4.207622875847273,9.403597858656788,same paper fully excluded from training; nested model selection
CC25_verified_3,CC25,5.439,61.070952957543355,-5.264480941184829,-4.2141653031747,11.228342150679042,same paper fully excluded from training; nested model selection
CC25_verified_4,CC25,3.4119999999999995,59.90015187491063,-5.466990977504515,-4.222572076469587,17.55573032676162,same paper fully excluded from training; nested model selection
Al10_26_0_pre72h,Al10_26,274.0,9.193247937161422,-3.562249437179612,-5.036531027026875,29.804482797904644,same paper fully excluded from training; nested model selection
Al10_26_0_pre120h,Al10_26,260.0,9.193247937161422,-3.5850266520291822,-5.036531027026875,28.281626012610236,same paper fully excluded from training; nested model selection
Al10_26_0_pre168h,Al10_26,146.0,9.193247937161422,-3.835647144215563,-5.036531027026875,15.881220760927295,same paper fully excluded from training; nested model selection
Al10_26_0_pre216h,Al10_26,151.0,9.193247937161422,-3.8210230527068307,-5.036531027026875,16.425098184246714,same paper fully excluded from training; nested model selection
Al10_26_1_pre72h,Al10_26,259.0,8.114413857282775,-3.586700235918748,-5.090742845861343,31.918510018754436,same paper fully excluded from training; nested model selection
Al10_26_1_pre120h,Al10_26,136.0,8.114413857282775,-3.8664610916297826,-5.090742845861343,16.76029869710657,same paper fully excluded from training; nested model selection
Al10_26_1_pre168h,Al10_26,124.0,8.114413857282775,-3.906578314837765,-5.090742845861343,15.28144881206776,same paper fully excluded from training; nested model selection
Al10_26_1_pre216h,Al10_26,107.0,8.114413857282775,-3.9706162223147903,-5.090742845861343,13.186411474929438,same paper fully excluded from training; nested model selection
Al10_26_2_pre72h,Al10_26,119.0,8.114413857282775,-3.9244530386074694,-5.090742845861343,14.665261359968245,same paper fully excluded from training; nested model selection
Al10_26_2_pre120h,Al10_26,111.0,8.114413857282775,-3.9546770212133424,-5.090742845861343,13.679361436609046,same paper fully excluded from training; nested model selection
Al10_26_2_pre168h,Al10_26,108.0,8.114413857282775,-3.96657624451305,-5.090742845861343,13.309648965349343,same paper fully excluded from training; nested model selection
Al10_26_2_pre216h,Al10_26,41.0,8.114413857282775,-4.3872161432802645,-5.090742845861343,5.052737107215951,same paper fully excluded from training; nested model selection
La24Q355_verified_0,La24Q355,404.0,4.293112070623324,-3.393618634889395,-5.367227774223099,94.1042286700293,same paper fully excluded from training; nested model selection
La24Q355_verified_1,La24Q355,25.2,3.8799872998218192,-4.598599459218456,-5.411169695958971,6.494866620093637,same paper fully excluded from training; nested model selection
La24Q355_verified_2,La24Q355,19.1,3.781548688389477,-4.718966632752273,-5.422330303581305,5.05084069356105,same paper fully excluded from training; nested model selection
La24Q355_verified_3,La24Q355,11.5,3.744641679674359,-4.939302159646388,-5.426589733100783,3.071054852169478,same paper fully excluded from training; nested model selection
La24Q355_verified_4,La24Q355,6.6499999999999995,3.724137262045152,-5.1771783546968955,-5.428974320426947,1.7856484689149392,same paper fully excluded from training; nested model selection
