record_id,prediction_log10_A_cm2,prediction_A_cm2,prediction_uA_cm2,missing_model_inputs,status
RECORR_000001,-4.4372794109017875,3.653596554984624e-05,36.53596554984624,C_wt_pct|Cr_wt_pct|Ni_wt_pct|final_heat_treatment_temp_C|final_heat_treatment_time_min|NaHSO3_mol_L|log_pre_exposure_h|casting_method_cat|cooling_method_cat|processing_state_cat,탐색용: 새로운 논문에 대한 예측 성능 미확보
RECORR_000002,-4.273389363175402,5.328569527171092e-05,53.28569527171092,final_heat_treatment_temp_C|final_heat_treatment_time_min|NaHSO3_mol_L|log_pre_exposure_h|casting_method_cat|cooling_method_cat|processing_state_cat,탐색용: 새로운 논문에 대한 예측 성능 미확보
RECORR_000003,-4.273078062321093,5.332390397488916e-05,53.32390397488916,final_heat_treatment_temp_C|final_heat_treatment_time_min|NaHSO3_mol_L|log_pre_exposure_h|casting_method_cat|cooling_method_cat|processing_state_cat,탐색용: 새로운 논문에 대한 예측 성능 미확보
RECORR_000004,-5.491381457911816,3.225659653436024e-06,3.2256596534360242,final_heat_treatment_temp_C|final_heat_treatment_time_min|temperature_C|Cl_mol_L|NaHSO3_mol_L|log_pre_exposure_h|casting_method_cat|processing_state_cat,탐색용: 새로운 논문에 대한 예측 성능 미확보
RECORR_000005,-5.638287180196285,2.2999204763212944e-06,2.299920476321294,final_heat_treatment_temp_C|final_heat_treatment_time_min|temperature_C|Cl_mol_L|NaHSO3_mol_L|log_pre_exposure_h|casting_method_cat|processing_state_cat,탐색용: 새로운 논문에 대한 예측 성능 미확보
RECORR_000006,-5.7897024892664675,1.6229214889109998e-06,1.6229214889109997,final_heat_treatment_temp_C|final_heat_treatment_time_min|temperature_C|Cl_mol_L|NaHSO3_mol_L|log_pre_exposure_h|casting_method_cat|processing_state_cat,탐색용: 새로운 논문에 대한 예측 성능 미확보
RECORR_000007,-5.514076899998775,3.0614213035264872e-06,3.0614213035264872,final_heat_treatment_time_min|temperature_C|NaHSO3_mol_L|log_pre_exposure_h|casting_method_cat|cooling_method_cat,탐색용: 새로운 논문에 대한 예측 성능 미확보
RECORR_000008,-5.571656769005548,2.681286558231065e-06,2.681286558231065,final_heat_treatment_time_min|temperature_C|NaHSO3_mol_L|log_pre_exposure_h|casting_method_cat|cooling_method_cat,탐색용: 새로운 논문에 대한 예측 성능 미확보
RECORR_000009,-5.576398508685223,2.6521708127263657e-06,2.6521708127263657,final_heat_treatment_time_min|temperature_C|NaHSO3_mol_L|log_pre_exposure_h|casting_method_cat|cooling_method_cat,탐색용: 새로운 논문에 대한 예측 성능 미확보
RECORR_000010,-3.8397035194855644,0.00014464268683389935,144.64268683389935,Cr_wt_pct|Ni_wt_pct|final_heat_treatment_temp_C|final_heat_treatment_time_min|NaHSO3_mol_L|casting_method_cat|processing_state_cat,탐색용: 새로운 논문에 대한 예측 성능 미확보
RECORR_000011,-4.12906637426775,7.429055891761801e-05,74.290558917618,C_wt_pct|Cr_wt_pct|Ni_wt_pct|final_heat_treatment_temp_C|final_heat_treatment_time_min|NaHSO3_mol_L|casting_method_cat|processing_state_cat,탐색용: 새로운 논문에 대한 예측 성능 미확보
RECORR_000012,-4.096429577717016,8.008854842015469e-05,80.0885484201547,C_wt_pct|Cr_wt_pct|Ni_wt_pct|final_heat_treatment_temp_C|final_heat_treatment_time_min|NaHSO3_mol_L|casting_method_cat|processing_state_cat,탐색용: 새로운 논문에 대한 예측 성능 미확보
RECORR_000013,-4.114154845069849,7.688562603632058e-05,76.88562603632059,C_wt_pct|Cr_wt_pct|Ni_wt_pct|final_heat_treatment_temp_C|final_heat_treatment_time_min|NaHSO3_mol_L|casting_method_cat|processing_state_cat,탐색용: 새로운 논문에 대한 예측 성능 미확보
NEW_Ma19FSS_FSS1,-3.615329666205685,0.00024247687919345864,242.47687919345864,Ni_wt_pct|NaCl_wt_pct|NaHSO3_mol_L|log_pre_exposure_h|melting_route_cat|casting_method_cat|cooling_method_cat,탐색용: 새로운 논문에 대한 예측 성능 미확보
NEW_Ma19FSS_FSS2,-3.7020189597371718,0.00019860082134795813,198.60082134795812,Ni_wt_pct|NaCl_wt_pct|NaHSO3_mol_L|log_pre_exposure_h|melting_route_cat|casting_method_cat|cooling_method_cat,탐색용: 새로운 논문에 대한 예측 성능 미확보
NEW_Ma19FSS_FSS3,-3.70982974683773,0.00019506091323521105,195.06091323521105,Ni_wt_pct|NaCl_wt_pct|NaHSO3_mol_L|log_pre_exposure_h|melting_route_cat|casting_method_cat|cooling_method_cat,탐색용: 새로운 논문에 대한 예측 성능 미확보
NEW_Ma19FSS_FSS4,-3.709797845341973,0.00019507524213808493,195.07524213808492,Ni_wt_pct|NaCl_wt_pct|NaHSO3_mol_L|log_pre_exposure_h|melting_route_cat|casting_method_cat|cooling_method_cat,탐색용: 새로운 논문에 대한 예측 성능 미확보
NEW_Bridge25_1,-3.5623037483013817,0.00027396573680410583,273.9657368041058,final_heat_treatment_temp_C|final_heat_treatment_time_min|temperature_C|Cl_mol_L|NaHSO3_mol_L|melting_route_cat|casting_method_cat|cooling_method_cat|processing_state_cat,탐색용: 새로운 논문에 대한 예측 성능 미확보
NEW_Bridge25_2,-3.598646767132078,0.0002519725510098782,251.97255100987817,final_heat_treatment_temp_C|final_heat_treatment_time_min|temperature_C|Cl_mol_L|NaHSO3_mol_L|melting_route_cat|casting_method_cat|cooling_method_cat|processing_state_cat,탐색용: 새로운 논문에 대한 예측 성능 미확보
NEW_Bridge25_3,-3.5962407089454502,0.00025337239176002055,253.37239176002055,final_heat_treatment_temp_C|final_heat_treatment_time_min|temperature_C|Cl_mol_L|NaHSO3_mol_L|melting_route_cat|casting_method_cat|cooling_method_cat|processing_state_cat,탐색용: 새로운 논문에 대한 예측 성능 미확보
NEW_UCS23_UCS-Q235BRE(C),-2.9696285582966455,0.001072436142139673,1072.436142139673,final_heat_treatment_temp_C|final_heat_treatment_time_min|Cl_mol_L|NaHSO3_mol_L|log_pre_exposure_h|melting_route_cat|cooling_method_cat|processing_state_cat,탐색용: 새로운 논문에 대한 예측 성능 미확보
NEW_UCS23_UCS-Q235BRE(R),-2.9696285582966455,0.001072436142139673,1072.436142139673,final_heat_treatment_temp_C|final_heat_treatment_time_min|Cl_mol_L|NaHSO3_mol_L|log_pre_exposure_h|melting_route_cat|cooling_method_cat|processing_state_cat,탐색용: 새로운 논문에 대한 예측 성능 미확보
NEW_UCS23_UCS-Q235B(R),-2.8713643273029223,0.0013447317924884248,1344.7317924884248,final_heat_treatment_temp_C|final_heat_treatment_time_min|Cl_mol_L|NaHSO3_mol_L|log_pre_exposure_h|melting_route_cat|cooling_method_cat|processing_state_cat,탐색용: 새로운 논문에 대한 예측 성능 미확보
NEW_UCS23_UCS-SPA-H(R),-2.87221669250834,0.0013420951517290735,1342.0951517290735,final_heat_treatment_temp_C|final_heat_treatment_time_min|Cl_mol_L|NaHSO3_mol_L|log_pre_exposure_h|melting_route_cat|cooling_method_cat|processing_state_cat,탐색용: 새로운 논문에 대한 예측 성능 미확보
GCr23_hot_rolled_0,-4.9787271283755015,1.050202074006452e-05,10.50202074006452,Ni_wt_pct|final_heat_treatment_temp_C|final_heat_treatment_time_min|temperature_C|NaCl_wt_pct|NaHSO3_mol_L|log_pre_exposure_h|melting_route_cat|casting_method_cat|cooling_method_cat,탐색용: 새로운 논문에 대한 예측 성능 미확보
GCr23_hot_rolled_1,-5.068604573126196,8.538772188299658e-06,8.538772188299658,Ni_wt_pct|final_heat_treatment_temp_C|final_heat_treatment_time_min|temperature_C|NaCl_wt_pct|NaHSO3_mol_L|log_pre_exposure_h|melting_route_cat|casting_method_cat|cooling_method_cat,탐색용: 새로운 논문에 대한 예측 성능 미확보
GCr23_annealed_0,-5.389115862486486,4.0821046809563725e-06,4.082104680956372,Ni_wt_pct|temperature_C|NaCl_wt_pct|NaHSO3_mol_L|log_pre_exposure_h|melting_route_cat|casting_method_cat,탐색용: 새로운 논문에 대한 예측 성능 미확보
GCr23_annealed_1,-5.463960412661021,3.4358926573925485e-06,3.4358926573925483,Ni_wt_pct|temperature_C|NaCl_wt_pct|NaHSO3_mol_L|log_pre_exposure_h|melting_route_cat|casting_method_cat,탐색용: 새로운 논문에 대한 예측 성능 미확보
GCr23_quenched_tempered_0,-5.266174602683507,5.417830294960723e-06,5.417830294960723,Ni_wt_pct|temperature_C|NaCl_wt_pct|NaHSO3_mol_L|log_pre_exposure_h|melting_route_cat|casting_method_cat,탐색용: 새로운 논문에 대한 예측 성능 미확보
GCr23_quenched_tempered_1,-5.325688170336113,4.724021110084359e-06,4.724021110084359,Ni_wt_pct|temperature_C|NaCl_wt_pct|NaHSO3_mol_L|log_pre_exposure_h|melting_route_cat|casting_method_cat,탐색용: 새로운 논문에 대한 예측 성능 미확보
CC25_verified_1,-5.018006465494144,9.593863486888408e-06,9.593863486888408,C_wt_pct|Cr_wt_pct|Ni_wt_pct|final_heat_treatment_temp_C|final_heat_treatment_time_min|temperature_C|Cl_mol_L|NaHSO3_mol_L|log_pre_exposure_h|cooling_method_cat,탐색용: 새로운 논문에 대한 예측 성능 미확보
CC25_verified_2,-5.136059180028468,7.31039460104228e-06,7.3103946010422804,C_wt_pct|Cr_wt_pct|Ni_wt_pct|final_heat_treatment_temp_C|final_heat_treatment_time_min|temperature_C|Cl_mol_L|NaHSO3_mol_L|log_pre_exposure_h|cooling_method_cat,탐색용: 새로운 논문에 대한 예측 성능 미확보
CC25_verified_3,-5.143359409267379,7.188538296074033e-06,7.188538296074033,C_wt_pct|Cr_wt_pct|Ni_wt_pct|final_heat_treatment_temp_C|final_heat_treatment_time_min|temperature_C|Cl_mol_L|NaHSO3_mol_L|log_pre_exposure_h|cooling_method_cat,탐색용: 새로운 논문에 대한 예측 성능 미확보
CC25_verified_4,-5.152435748694702,7.039863708610906e-06,7.0398637086109055,C_wt_pct|Cr_wt_pct|Ni_wt_pct|final_heat_treatment_temp_C|final_heat_treatment_time_min|temperature_C|Cl_mol_L|NaHSO3_mol_L|log_pre_exposure_h|cooling_method_cat,탐색용: 새로운 논문에 대한 예측 성능 미확보
Al10_26_0_pre72h,-3.9113271697062313,0.00012265149050970034,122.65149050970034,Cr_wt_pct|Ni_wt_pct|final_heat_treatment_temp_C|final_heat_treatment_time_min|temperature_C|NaCl_wt_pct|cooling_method_cat,탐색용: 새로운 논문에 대한 예측 성능 미확보
Al10_26_0_pre120h,-3.9108623110837186,0.0001227828440734143,122.7828440734143,Cr_wt_pct|Ni_wt_pct|final_heat_treatment_temp_C|final_heat_treatment_time_min|temperature_C|NaCl_wt_pct|cooling_method_cat,탐색용: 새로운 논문에 대한 예측 성능 미확보
Al10_26_0_pre168h,-3.915409678562245,0.0001215039289314623,121.5039289314623,Cr_wt_pct|Ni_wt_pct|final_heat_treatment_temp_C|final_heat_treatment_time_min|temperature_C|NaCl_wt_pct|cooling_method_cat,탐색용: 새로운 논문에 대한 예측 성능 미확보
Al10_26_0_pre216h,-3.9212741235008526,0.0001198742426854046,119.8742426854046,Cr_wt_pct|Ni_wt_pct|final_heat_treatment_temp_C|final_heat_treatment_time_min|temperature_C|NaCl_wt_pct|cooling_method_cat,탐색용: 새로운 논문에 대한 예측 성능 미확보
Al10_26_1_pre72h,-4.019428016984798,9.562511776663586e-05,95.62511776663585,Cr_wt_pct|Ni_wt_pct|final_heat_treatment_temp_C|final_heat_treatment_time_min|temperature_C|NaCl_wt_pct|cooling_method_cat,탐색용: 새로운 논문에 대한 예측 성능 미확보
Al10_26_1_pre120h,-4.021778290756781,9.510902054764906e-05,95.10902054764905,Cr_wt_pct|Ni_wt_pct|final_heat_treatment_temp_C|final_heat_treatment_time_min|temperature_C|NaCl_wt_pct|cooling_method_cat,탐색용: 새로운 논문에 대한 예측 성능 미확보
Al10_26_1_pre168h,-4.027423906952379,9.388065112249434e-05,93.88065112249434,Cr_wt_pct|Ni_wt_pct|final_heat_treatment_temp_C|final_heat_treatment_time_min|temperature_C|NaCl_wt_pct|cooling_method_cat,탐색용: 새로운 논문에 대한 예측 성능 미확보
Al10_26_1_pre216h,-4.033698408744629,9.25340543920149e-05,92.53405439201491,Cr_wt_pct|Ni_wt_pct|final_heat_treatment_temp_C|final_heat_treatment_time_min|temperature_C|NaCl_wt_pct|cooling_method_cat,탐색용: 새로운 논문에 대한 예측 성능 미확보
Al10_26_2_pre72h,-4.016039674514125,9.637409780622702e-05,96.37409780622703,Cr_wt_pct|Ni_wt_pct|final_heat_treatment_temp_C|final_heat_treatment_time_min|temperature_C|NaCl_wt_pct|cooling_method_cat,탐색용: 새로운 논문에 대한 예측 성능 미확보
Al10_26_2_pre120h,-4.0183150436117625,9.587049205415335e-05,95.87049205415335,Cr_wt_pct|Ni_wt_pct|final_heat_treatment_temp_C|final_heat_treatment_time_min|temperature_C|NaCl_wt_pct|cooling_method_cat,탐색용: 새로운 논문에 대한 예측 성능 미확보
Al10_26_2_pre168h,-4.023935551951324,9.46377590651131e-05,94.6377590651131,Cr_wt_pct|Ni_wt_pct|final_heat_treatment_temp_C|final_heat_treatment_time_min|temperature_C|NaCl_wt_pct|cooling_method_cat,탐색용: 새로운 논문에 대한 예측 성능 미확보
Al10_26_2_pre216h,-4.0302043313950895,9.328153168619365e-05,93.28153168619365,Cr_wt_pct|Ni_wt_pct|final_heat_treatment_temp_C|final_heat_treatment_time_min|temperature_C|NaCl_wt_pct|cooling_method_cat,탐색용: 새로운 논문에 대한 예측 성능 미확보
La24Q355_verified_0,-4.6054409584031015,2.480613149913608e-05,24.80613149913608,Cr_wt_pct|Ni_wt_pct|final_heat_treatment_temp_C|final_heat_treatment_time_min|temperature_C|NaCl_wt_pct|log_pre_exposure_h,탐색용: 새로운 논문에 대한 예측 성능 미확보
La24Q355_verified_1,-4.698172022307924,2.0036782212313215e-05,20.036782212313213,Cr_wt_pct|Ni_wt_pct|final_heat_treatment_temp_C|final_heat_treatment_time_min|temperature_C|NaCl_wt_pct|log_pre_exposure_h,탐색용: 새로운 논문에 대한 예측 성능 미확보
La24Q355_verified_2,-4.703939608439884,1.9772445701129923e-05,19.772445701129925,Cr_wt_pct|Ni_wt_pct|final_heat_treatment_temp_C|final_heat_treatment_time_min|temperature_C|NaCl_wt_pct|log_pre_exposure_h,탐색용: 새로운 논문에 대한 예측 성능 미확보
La24Q355_verified_3,-4.720197923638365,1.9045925287283857e-05,19.045925287283858,Cr_wt_pct|Ni_wt_pct|final_heat_treatment_temp_C|final_heat_treatment_time_min|temperature_C|NaCl_wt_pct|log_pre_exposure_h,탐색용: 새로운 논문에 대한 예측 성능 미확보
La24Q355_verified_4,-4.731149113171885,1.857166695288922e-05,18.57166695288922,Cr_wt_pct|Ni_wt_pct|final_heat_treatment_temp_C|final_heat_treatment_time_min|temperature_C|NaCl_wt_pct|log_pre_exposure_h,탐색용: 새로운 논문에 대한 예측 성능 미확보
