held_out_paper,selected_id,selected_model,selected_panel,inner_log_R2,outer_log_MAE,train_papers
Bridge25,9,RF,full,0.660351797438915,2.064472961330859,CC25|Coat24|GCr23|MDPI26LaCe|Ma19FSS|Tang2019|UCS23|Zhang2025
CC25,5,SVR,compact,-0.30572917832191404,0.8822665907922582,Bridge25|Coat24|GCr23|MDPI26LaCe|Ma19FSS|Tang2019|UCS23|Zhang2025
Coat24,15,RF,transfer,0.13627235069578214,0.1966289152507109,Bridge25|CC25|GCr23|MDPI26LaCe|Ma19FSS|Tang2019|UCS23|Zhang2025
GCr23,0,GB,compact,0.18944509381444974,1.0152364098558828,Bridge25|CC25|Coat24|MDPI26LaCe|Ma19FSS|Tang2019|UCS23|Zhang2025
MDPI26LaCe,12,GB,transfer,-0.4458421528310028,0.637184971268972,Bridge25|CC25|Coat24|GCr23|Ma19FSS|Tang2019|UCS23|Zhang2025
Ma19FSS,12,GB,transfer,0.16455289106937476,1.0798035072150203,Bridge25|CC25|Coat24|GCr23|MDPI26LaCe|Tang2019|UCS23|Zhang2025
Tang2019,0,GB,compact,0.22242203700209828,0.3172212764668985,Bridge25|CC25|Coat24|GCr23|MDPI26LaCe|Ma19FSS|UCS23|Zhang2025
UCS23,5,SVR,compact,-0.3425478846514989,1.9523835346319545,Bridge25|CC25|Coat24|GCr23|MDPI26LaCe|Ma19FSS|Tang2019|Zhang2025
Zhang2025,12,GB,transfer,0.01697065028992284,0.9575565495481447,Bridge25|CC25|Coat24|GCr23|MDPI26LaCe|Ma19FSS|Tang2019|UCS23
