record_id,RE_wt_pct,C_wt_pct,Cr_wt_pct,Ni_wt_pct,final_heat_treatment_temp_C,final_heat_treatment_time_min,temperature_C,NaCl_wt_pct,Cl_mol_L,H2SO4_mol_L,NaHSO3_mol_L,log_pre_exposure_h,RE_element_cat,melting_route_cat,casting_method_cat,cooling_method_cat,processing_state_cat,surface_state_cat,electrolyte_family,gas_condition_cat,pre_exposure_h
RECORR_000001,0.0,,,,,,25.0,3.5,0.598,0.0,,,none,VIM,,,,polished,NaCl,not_reported,
RECORR_000002,0.005,0.053,1.21,0.31,,,25.0,3.5,0.598,0.0,,,La+Ce,VIM,,,,polished,NaCl,not_reported,
RECORR_000003,0.005,0.05,1.22,0.33,,,25.0,3.5,0.598,0.0,,,La+Ce,VIM,,,,polished,NaCl,not_reported,
RECORR_000004,0.0,0.05,2.0,1.0,,,,0.1,,0.0,,,none,VIM,,controlled_cooling,,polished,NaCl_CaCl2_Na2SO4,not_reported,
RECORR_000005,0.036,0.05,2.0,1.0,,,,0.1,,0.0,,,La+Ce,VIM,,controlled_cooling,,polished,NaCl_CaCl2_Na2SO4,not_reported,
RECORR_000006,0.33,0.05,2.0,1.0,,,,0.1,,0.0,,,La+Ce,VIM,,controlled_cooling,,polished,NaCl_CaCl2_Na2SO4,not_reported,
RECORR_000007,0.0,0.015,18.62,13.55,1050.0,,,3.5,0.598,0.0,,,none,VIM,,,solution_treated,polished,NaCl,not_reported,
RECORR_000008,0.0023,0.013,18.71,13.57,1050.0,,,3.5,0.598,0.0,,,Ce,VIM,,,solution_treated,polished,NaCl,not_reported,
RECORR_000009,0.0082,0.016,18.69,13.5,1050.0,,,3.5,0.598,0.0,,,Ce,VIM,,,solution_treated,polished,NaCl,not_reported,
RECORR_000010,0.0,0.1118,,,,,25.0,3.5,0.598,0.0,,7.321849713788356,none,VIM,,air_cool,,rusted,NaCl,not_reported,
RECORR_000011,0.0031,,,,,,25.0,3.5,0.598,0.0,,7.321849713788356,La,VIM,,air_cool,,rusted,NaCl,not_reported,
RECORR_000012,0.0024,,,,,,25.0,3.5,0.598,0.0,,7.321849713788356,Ce,VIM,,air_cool,,rusted,NaCl,not_reported,
RECORR_000013,0.0001,,,,,,25.0,3.5,0.598,0.0,,7.321849713788356,Pr,VIM,,air_cool,,rusted,NaCl,not_reported,
NEW_Ma19FSS_FSS1,0.0,0.006,19.7,,1000.0,1.0,25.0,,0.5,1.0,,,none,,,,annealed,polished,H2SO4_NaCl,not_reported,
NEW_Ma19FSS_FSS2,0.048,0.009,19.5,,1000.0,1.0,25.0,,0.5,1.0,,,Ce,,,,annealed,polished,H2SO4_NaCl,not_reported,
NEW_Ma19FSS_FSS3,0.056,0.007,19.1,,1000.0,1.0,25.0,,0.5,1.0,,,Ce,,,,annealed,polished,H2SO4_NaCl,not_reported,
NEW_Ma19FSS_FSS4,0.053,0.01,19.9,,1000.0,1.0,25.0,,0.5,1.0,,,Ce,,,,annealed,polished,H2SO4_NaCl,not_reported,
NEW_Bridge25_1,0.0,0.08,0.536,0.378,,,,3.5,,0.0,,5.37989735354046,none,,,,,rusted,NaCl,not_reported,
NEW_Bridge25_2,0.0006,0.08,0.584,0.343,,,,3.5,,0.0,,5.37989735354046,Ce,,,,,rusted,NaCl,not_reported,
NEW_Bridge25_3,0.001,0.07,0.548,0.379,,,,3.5,,0.0,,5.37989735354046,Ce,,,,,rusted,NaCl,not_reported,
NEW_UCS23_UCS-Q235BRE(C),0.004,0.023,0.032,0.028,,,20.0,3.5,,0.0,,,La+Ce,,twin_roll_strip,,,polished,NaCl,N2_deaerated,
NEW_UCS23_UCS-Q235BRE(R),0.004,0.023,0.032,0.028,,,20.0,3.5,,0.0,,,La+Ce,,twin_roll_strip,,,polished,NaCl,N2_deaerated,
NEW_UCS23_UCS-Q235B(R),0.0,0.023,0.023,0.031,,,20.0,3.5,,0.0,,,none,,twin_roll_strip,,,polished,NaCl,N2_deaerated,
NEW_UCS23_UCS-SPA-H(R),0.0,0.02,0.37,0.042,,,20.0,3.5,,0.0,,,none,,twin_roll_strip,,,polished,NaCl,N2_deaerated,
GCr23_hot_rolled_0,0.0,0.95,1.5,,,,,,0.1,0.0,,,none,,,,hot_rolled,polished,NaCl,not_reported,
GCr23_hot_rolled_1,0.003,0.91,1.49,,,,,,0.1,0.0,,,La_Ce,,,,hot_rolled,polished,NaCl,not_reported,
GCr23_annealed_0,0.0,0.95,1.5,,800.0,60.0,,,0.1,0.0,,,none,,,furnace_to_500_then_air,annealed,polished,NaCl,not_reported,
GCr23_annealed_1,0.003,0.91,1.49,,800.0,60.0,,,0.1,0.0,,,La_Ce,,,furnace_to_500_then_air,annealed,polished,NaCl,not_reported,
GCr23_quenched_tempered_0,0.0,0.95,1.5,,160.0,60.0,,,0.1,0.0,,,none,,,air_after_tempering,quenched_tempered,polished,NaCl,not_reported,
GCr23_quenched_tempered_1,0.003,0.91,1.49,,160.0,60.0,,,0.1,0.0,,,La_Ce,,,air_after_tempering,quenched_tempered,polished,NaCl,not_reported,
CC25_verified_1,0.0,,,,,,,3.5,,0.0,,,none,induction_AOD_LF,continuous_casting,,as_continuously_cast,not_reported,NaCl,not_reported,
CC25_verified_2,0.002567,,,,,,,3.5,,0.0,,,La_Ce,induction_AOD_LF,continuous_casting,,as_continuously_cast,not_reported,NaCl,not_reported,
CC25_verified_3,0.00774,,,,,,,3.5,,0.0,,,La_Ce,induction_AOD_LF,continuous_casting,,as_continuously_cast,not_reported,NaCl,not_reported,
CC25_verified_4,0.014222,,,,,,,3.5,,0.0,,,La_Ce,induction_AOD_LF,continuous_casting,,as_continuously_cast,not_reported,NaCl,not_reported,
Al10_26_0_pre72h,0.0,0.11,,,,,,,0.0,0.0,0.1,4.290459441148391,none,KR_BOF_LF_RH,continuous_casting,,hot_rolled,rusted,NaHSO3,not_reported,72.0
Al10_26_0_pre120h,0.0,0.11,,,,,,,0.0,0.0,0.1,4.795790545596741,none,KR_BOF_LF_RH,continuous_casting,,hot_rolled,rusted,NaHSO3,not_reported,120.0
Al10_26_0_pre168h,0.0,0.11,,,,,,,0.0,0.0,0.1,5.1298987149230735,none,KR_BOF_LF_RH,continuous_casting,,hot_rolled,rusted,NaHSO3,not_reported,168.0
Al10_26_0_pre216h,0.0,0.11,,,,,,,0.0,0.0,0.1,5.37989735354046,none,KR_BOF_LF_RH,continuous_casting,,hot_rolled,rusted,NaHSO3,not_reported,216.0
Al10_26_1_pre72h,0.0017000000000000001,0.12,,,,,,,0.0,0.0,0.1,4.290459441148391,La_Ce,KR_BOF_LF_RH,continuous_casting,,hot_rolled,rusted,NaHSO3,not_reported,72.0
Al10_26_1_pre120h,0.0017000000000000001,0.12,,,,,,,0.0,0.0,0.1,4.795790545596741,La_Ce,KR_BOF_LF_RH,continuous_casting,,hot_rolled,rusted,NaHSO3,not_reported,120.0
Al10_26_1_pre168h,0.0017000000000000001,0.12,,,,,,,0.0,0.0,0.1,5.1298987149230735,La_Ce,KR_BOF_LF_RH,continuous_casting,,hot_rolled,rusted,NaHSO3,not_reported,168.0
Al10_26_1_pre216h,0.0017000000000000001,0.12,,,,,,,0.0,0.0,0.1,5.37989735354046,La_Ce,KR_BOF_LF_RH,continuous_casting,,hot_rolled,rusted,NaHSO3,not_reported,216.0
Al10_26_2_pre72h,0.0023,0.11,,,,,,,0.0,0.0,0.1,4.290459441148391,La_Ce,KR_BOF_LF_RH,continuous_casting,,hot_rolled,rusted,NaHSO3,not_reported,72.0
Al10_26_2_pre120h,0.0023,0.11,,,,,,,0.0,0.0,0.1,4.795790545596741,La_Ce,KR_BOF_LF_RH,continuous_casting,,hot_rolled,rusted,NaHSO3,not_reported,120.0
Al10_26_2_pre168h,0.0023,0.11,,,,,,,0.0,0.0,0.1,5.1298987149230735,La_Ce,KR_BOF_LF_RH,continuous_casting,,hot_rolled,rusted,NaHSO3,not_reported,168.0
Al10_26_2_pre216h,0.0023,0.11,,,,,,,0.0,0.0,0.1,5.37989735354046,La_Ce,KR_BOF_LF_RH,continuous_casting,,hot_rolled,rusted,NaHSO3,not_reported,216.0
La24Q355_verified_0,0.0,0.16,,,,,,,0.0,0.0,0.01,,none,vacuum_induction,ingot_casting,water_then_coiling_550C,hot_rolled,not_reported,NaHSO3,not_reported,
La24Q355_verified_1,0.0067,0.16,,,,,,,0.0,0.0,0.01,,La,vacuum_induction,ingot_casting,water_then_coiling_550C,hot_rolled,not_reported,NaHSO3,not_reported,
La24Q355_verified_2,0.011,0.16,,,,,,,0.0,0.0,0.01,,La,vacuum_induction,ingot_casting,water_then_coiling_550C,hot_rolled,not_reported,NaHSO3,not_reported,
La24Q355_verified_3,0.023,0.16,,,,,,,0.0,0.0,0.01,,La,vacuum_induction,ingot_casting,water_then_coiling_550C,hot_rolled,not_reported,NaHSO3,not_reported,
La24Q355_verified_4,0.031,0.16,,,,,,,0.0,0.0,0.01,,La,vacuum_induction,ingot_casting,water_then_coiling_550C,hot_rolled,not_reported,NaHSO3,not_reported,
