record_id,reference_id,sample_id,doi,source_url,icorr_status,primary_eligible,gas_condition_cat,target_method,composition_basis,C_wt_pct,Si_wt_pct,Mn_wt_pct,P_wt_pct,S_wt_pct,Al_wt_pct,Ca_wt_pct,La_wt_pct,Ce_wt_pct,O_wt_pct,N_wt_pct,RE_wt_pct,RE_element_cat,material_class,alloy_system,melting_route_cat,casting_method_cat,processing_state_cat,processing_sequence,surface_state_cat,electrolyte_family,electrolyte_type_cat,NaHSO3_mol_L,Cl_mol_L,H2SO4_mol_L,exposure_time_h,pre_exposure_h,log_pre_exposure_h,pre_exposure_electrolyte,pre_exposure_temperature_C,pre_exposure_type,pre_exposure_cycle_min,pre_exposure_wet_min,TP_reference_electrode_cat,TP_scan_rate_mV_s,target_locator,quality_flags,raw_icorr_value,raw_icorr_unit,icorr_A_cm2,log_icorr,cooling_method_cat,temperature_description,OCP_stabilization_s
Al10_26_0_pre72h,Al10_26,0_pre72h,10.13228/j.boyuan.issn1006-9356.20250594,https://doi.org/10.13228/j.boyuan.issn1006-9356.20250594,reported_numeric,True,not_reported,potentiodynamic_Tafel,reported_steel_composition,0.11,0.31,0.6,0.011,0.003,0.023,0.0022,0,0,0.0016,0.0039,0,none,carbon steel,No.10_Al,KR_BOF_LF_RH,continuous_casting,hot_rolled,industrial KR desulfurization;BOF;LF;RH;continuous casting;1135C reheat;rough/final rolling,rusted,NaHSO3,0.1 M NaHSO3,0.1,0,0,72,72,4.290459441148391,0.01 M NaHSO3,45,cyclic_immersion,60,12,SCE,0.5,Table3 p122; composition Table1 p119; PDP Sec1.3; pre-exposure Sec1.2,PDP temperature unreported;45C applies to pre-exposure only; Table3 unit A/cm2 preserved; Cr/Ni/Cu/Mo unreported not0; reheating1135C not finalHT,0.000274,A/cm2,0.000274,-3.562249437179612,,,
Al10_26_0_pre120h,Al10_26,0_pre120h,10.13228/j.boyuan.issn1006-9356.20250594,https://doi.org/10.13228/j.boyuan.issn1006-9356.20250594,reported_numeric,True,not_reported,potentiodynamic_Tafel,reported_steel_composition,0.11,0.31,0.6,0.011,0.003,0.023,0.0022,0,0,0.0016,0.0039,0,none,carbon steel,No.10_Al,KR_BOF_LF_RH,continuous_casting,hot_rolled,industrial KR desulfurization;BOF;LF;RH;continuous casting;1135C reheat;rough/final rolling,rusted,NaHSO3,0.1 M NaHSO3,0.1,0,0,120,120,4.795790545596741,0.01 M NaHSO3,45,cyclic_immersion,60,12,SCE,0.5,Table3 p122; composition Table1 p119; PDP Sec1.3; pre-exposure Sec1.2,PDP temperature unreported;45C applies to pre-exposure only; Table3 unit A/cm2 preserved; Cr/Ni/Cu/Mo unreported not0; reheating1135C not finalHT,0.00026,A/cm2,0.00026,-3.5850266520291822,,,
Al10_26_0_pre168h,Al10_26,0_pre168h,10.13228/j.boyuan.issn1006-9356.20250594,https://doi.org/10.13228/j.boyuan.issn1006-9356.20250594,reported_numeric,True,not_reported,potentiodynamic_Tafel,reported_steel_composition,0.11,0.31,0.6,0.011,0.003,0.023,0.0022,0,0,0.0016,0.0039,0,none,carbon steel,No.10_Al,KR_BOF_LF_RH,continuous_casting,hot_rolled,industrial KR desulfurization;BOF;LF;RH;continuous casting;1135C reheat;rough/final rolling,rusted,NaHSO3,0.1 M NaHSO3,0.1,0,0,168,168,5.1298987149230735,0.01 M NaHSO3,45,cyclic_immersion,60,12,SCE,0.5,Table3 p122; composition Table1 p119; PDP Sec1.3; pre-exposure Sec1.2,PDP temperature unreported;45C applies to pre-exposure only; Table3 unit A/cm2 preserved; Cr/Ni/Cu/Mo unreported not0; reheating1135C not finalHT,0.000146,A/cm2,0.000146,-3.835647144215563,,,
Al10_26_0_pre216h,Al10_26,0_pre216h,10.13228/j.boyuan.issn1006-9356.20250594,https://doi.org/10.13228/j.boyuan.issn1006-9356.20250594,reported_numeric,True,not_reported,potentiodynamic_Tafel,reported_steel_composition,0.11,0.31,0.6,0.011,0.003,0.023,0.0022,0,0,0.0016,0.0039,0,none,carbon steel,No.10_Al,KR_BOF_LF_RH,continuous_casting,hot_rolled,industrial KR desulfurization;BOF;LF;RH;continuous casting;1135C reheat;rough/final rolling,rusted,NaHSO3,0.1 M NaHSO3,0.1,0,0,216,216,5.37989735354046,0.01 M NaHSO3,45,cyclic_immersion,60,12,SCE,0.5,Table3 p122; composition Table1 p119; PDP Sec1.3; pre-exposure Sec1.2,PDP temperature unreported;45C applies to pre-exposure only; Table3 unit A/cm2 preserved; Cr/Ni/Cu/Mo unreported not0; reheating1135C not finalHT,0.000151,A/cm2,0.000151,-3.8210230527068307,,,
Al10_26_1_pre72h,Al10_26,1_pre72h,10.13228/j.boyuan.issn1006-9356.20250594,https://doi.org/10.13228/j.boyuan.issn1006-9356.20250594,reported_numeric,True,not_reported,potentiodynamic_Tafel,reported_steel_composition,0.12,0.3,0.6,0.01,0.0028,0.022,0.002,0.001,0.0007,0.0016,0.0045,0.0017000000000000001,La_Ce,carbon steel,No.10_Al,KR_BOF_LF_RH,continuous_casting,hot_rolled,industrial KR desulfurization;BOF;LF;RH;continuous casting;1135C reheat;rough/final rolling,rusted,NaHSO3,0.1 M NaHSO3,0.1,0,0,72,72,4.290459441148391,0.01 M NaHSO3,45,cyclic_immersion,60,12,SCE,0.5,Table3 p122; composition Table1 p119; PDP Sec1.3; pre-exposure Sec1.2,PDP temperature unreported;45C applies to pre-exposure only; Table3 unit A/cm2 preserved; Cr/Ni/Cu/Mo unreported not0; reheating1135C not finalHT,0.000259,A/cm2,0.000259,-3.586700235918748,,,
Al10_26_1_pre120h,Al10_26,1_pre120h,10.13228/j.boyuan.issn1006-9356.20250594,https://doi.org/10.13228/j.boyuan.issn1006-9356.20250594,reported_numeric,True,not_reported,potentiodynamic_Tafel,reported_steel_composition,0.12,0.3,0.6,0.01,0.0028,0.022,0.002,0.001,0.0007,0.0016,0.0045,0.0017000000000000001,La_Ce,carbon steel,No.10_Al,KR_BOF_LF_RH,continuous_casting,hot_rolled,industrial KR desulfurization;BOF;LF;RH;continuous casting;1135C reheat;rough/final rolling,rusted,NaHSO3,0.1 M NaHSO3,0.1,0,0,120,120,4.795790545596741,0.01 M NaHSO3,45,cyclic_immersion,60,12,SCE,0.5,Table3 p122; composition Table1 p119; PDP Sec1.3; pre-exposure Sec1.2,PDP temperature unreported;45C applies to pre-exposure only; Table3 unit A/cm2 preserved; Cr/Ni/Cu/Mo unreported not0; reheating1135C not finalHT,0.000136,A/cm2,0.000136,-3.8664610916297826,,,
Al10_26_1_pre168h,Al10_26,1_pre168h,10.13228/j.boyuan.issn1006-9356.20250594,https://doi.org/10.13228/j.boyuan.issn1006-9356.20250594,reported_numeric,True,not_reported,potentiodynamic_Tafel,reported_steel_composition,0.12,0.3,0.6,0.01,0.0028,0.022,0.002,0.001,0.0007,0.0016,0.0045,0.0017000000000000001,La_Ce,carbon steel,No.10_Al,KR_BOF_LF_RH,continuous_casting,hot_rolled,industrial KR desulfurization;BOF;LF;RH;continuous casting;1135C reheat;rough/final rolling,rusted,NaHSO3,0.1 M NaHSO3,0.1,0,0,168,168,5.1298987149230735,0.01 M NaHSO3,45,cyclic_immersion,60,12,SCE,0.5,Table3 p122; composition Table1 p119; PDP Sec1.3; pre-exposure Sec1.2,PDP temperature unreported;45C applies to pre-exposure only; Table3 unit A/cm2 preserved; Cr/Ni/Cu/Mo unreported not0; reheating1135C not finalHT,0.000124,A/cm2,0.000124,-3.906578314837765,,,
Al10_26_1_pre216h,Al10_26,1_pre216h,10.13228/j.boyuan.issn1006-9356.20250594,https://doi.org/10.13228/j.boyuan.issn1006-9356.20250594,reported_numeric,True,not_reported,potentiodynamic_Tafel,reported_steel_composition,0.12,0.3,0.6,0.01,0.0028,0.022,0.002,0.001,0.0007,0.0016,0.0045,0.0017000000000000001,La_Ce,carbon steel,No.10_Al,KR_BOF_LF_RH,continuous_casting,hot_rolled,industrial KR desulfurization;BOF;LF;RH;continuous casting;1135C reheat;rough/final rolling,rusted,NaHSO3,0.1 M NaHSO3,0.1,0,0,216,216,5.37989735354046,0.01 M NaHSO3,45,cyclic_immersion,60,12,SCE,0.5,Table3 p122; composition Table1 p119; PDP Sec1.3; pre-exposure Sec1.2,PDP temperature unreported;45C applies to pre-exposure only; Table3 unit A/cm2 preserved; Cr/Ni/Cu/Mo unreported not0; reheating1135C not finalHT,0.000107,A/cm2,0.000107,-3.9706162223147903,,,
Al10_26_2_pre72h,Al10_26,2_pre72h,10.13228/j.boyuan.issn1006-9356.20250594,https://doi.org/10.13228/j.boyuan.issn1006-9356.20250594,reported_numeric,True,not_reported,potentiodynamic_Tafel,reported_steel_composition,0.11,0.32,0.61,0.008,0.003,0.026,0.0018,0.0014,0.0009,0.0012,0.0034,0.0023,La_Ce,carbon steel,No.10_Al,KR_BOF_LF_RH,continuous_casting,hot_rolled,industrial KR desulfurization;BOF;LF;RH;continuous casting;1135C reheat;rough/final rolling,rusted,NaHSO3,0.1 M NaHSO3,0.1,0,0,72,72,4.290459441148391,0.01 M NaHSO3,45,cyclic_immersion,60,12,SCE,0.5,Table3 p122; composition Table1 p119; PDP Sec1.3; pre-exposure Sec1.2,PDP temperature unreported;45C applies to pre-exposure only; Table3 unit A/cm2 preserved; Cr/Ni/Cu/Mo unreported not0; reheating1135C not finalHT,0.000119,A/cm2,0.000119,-3.9244530386074694,,,
Al10_26_2_pre120h,Al10_26,2_pre120h,10.13228/j.boyuan.issn1006-9356.20250594,https://doi.org/10.13228/j.boyuan.issn1006-9356.20250594,reported_numeric,True,not_reported,potentiodynamic_Tafel,reported_steel_composition,0.11,0.32,0.61,0.008,0.003,0.026,0.0018,0.0014,0.0009,0.0012,0.0034,0.0023,La_Ce,carbon steel,No.10_Al,KR_BOF_LF_RH,continuous_casting,hot_rolled,industrial KR desulfurization;BOF;LF;RH;continuous casting;1135C reheat;rough/final rolling,rusted,NaHSO3,0.1 M NaHSO3,0.1,0,0,120,120,4.795790545596741,0.01 M NaHSO3,45,cyclic_immersion,60,12,SCE,0.5,Table3 p122; composition Table1 p119; PDP Sec1.3; pre-exposure Sec1.2,PDP temperature unreported;45C applies to pre-exposure only; Table3 unit A/cm2 preserved; Cr/Ni/Cu/Mo unreported not0; reheating1135C not finalHT,0.000111,A/cm2,0.000111,-3.9546770212133424,,,
Al10_26_2_pre168h,Al10_26,2_pre168h,10.13228/j.boyuan.issn1006-9356.20250594,https://doi.org/10.13228/j.boyuan.issn1006-9356.20250594,reported_numeric,True,not_reported,potentiodynamic_Tafel,reported_steel_composition,0.11,0.32,0.61,0.008,0.003,0.026,0.0018,0.0014,0.0009,0.0012,0.0034,0.0023,La_Ce,carbon steel,No.10_Al,KR_BOF_LF_RH,continuous_casting,hot_rolled,industrial KR desulfurization;BOF;LF;RH;continuous casting;1135C reheat;rough/final rolling,rusted,NaHSO3,0.1 M NaHSO3,0.1,0,0,168,168,5.1298987149230735,0.01 M NaHSO3,45,cyclic_immersion,60,12,SCE,0.5,Table3 p122; composition Table1 p119; PDP Sec1.3; pre-exposure Sec1.2,PDP temperature unreported;45C applies to pre-exposure only; Table3 unit A/cm2 preserved; Cr/Ni/Cu/Mo unreported not0; reheating1135C not finalHT,0.000108,A/cm2,0.000108,-3.96657624451305,,,
Al10_26_2_pre216h,Al10_26,2_pre216h,10.13228/j.boyuan.issn1006-9356.20250594,https://doi.org/10.13228/j.boyuan.issn1006-9356.20250594,reported_numeric,True,not_reported,potentiodynamic_Tafel,reported_steel_composition,0.11,0.32,0.61,0.008,0.003,0.026,0.0018,0.0014,0.0009,0.0012,0.0034,0.0023,La_Ce,carbon steel,No.10_Al,KR_BOF_LF_RH,continuous_casting,hot_rolled,industrial KR desulfurization;BOF;LF;RH;continuous casting;1135C reheat;rough/final rolling,rusted,NaHSO3,0.1 M NaHSO3,0.1,0,0,216,216,5.37989735354046,0.01 M NaHSO3,45,cyclic_immersion,60,12,SCE,0.5,Table3 p122; composition Table1 p119; PDP Sec1.3; pre-exposure Sec1.2,PDP temperature unreported;45C applies to pre-exposure only; Table3 unit A/cm2 preserved; Cr/Ni/Cu/Mo unreported not0; reheating1135C not finalHT,4.1e-05,A/cm2,4.1e-05,-4.3872161432802645,,,
La24Q355_verified_0,La24Q355,0,10.3390/ma17174467,https://doi.org/10.3390/ma17174467,reported_numeric,True,not_reported,potentiodynamic_Tafel,reported_steel_composition,0.16,0.29,1.24,0.012,0.012,,,0,0,0.0007,,0,none,low-alloy steel,Q355,vacuum_induction,ingot_casting,hot_rolled,VIM50kg;cast;forge;1200C60min reheat;6rolling passes;finish860C;watercool;coil550C,not_reported,NaHSO3,0.01 M NaHSO3 without addedLaCl3,0.01,0,0,,,,,,,,,SCE,0.5,Table2 p12; Table1 p2; Sec2.1/2.4 and3.6,Exact Table2 target replaces old estimates; PDP surface/pre-exposure mapping ambiguous;72h belongs to separate cyclic test and not assigned toPDP; roomtemperature not25C; reheating1200C/coiling550C not finalHT,0.000404,A/cm2,0.000404,-3.393618634889395,water_then_coiling_550C,room_temperature,1800
La24Q355_verified_1,La24Q355,1,10.3390/ma17174467,https://doi.org/10.3390/ma17174467,reported_numeric,True,not_reported,potentiodynamic_Tafel,reported_steel_composition,0.16,0.28,1.36,0.0068,0.002,,,0.0067,0,0.0028,,0.0067,La,low-alloy steel,Q355,vacuum_induction,ingot_casting,hot_rolled,VIM50kg;cast;forge;1200C60min reheat;6rolling passes;finish860C;watercool;coil550C,not_reported,NaHSO3,0.01 M NaHSO3 without addedLaCl3,0.01,0,0,,,,,,,,,SCE,0.5,Table2 p12; Table1 p2; Sec2.1/2.4 and3.6,Exact Table2 target replaces old estimates; PDP surface/pre-exposure mapping ambiguous;72h belongs to separate cyclic test and not assigned toPDP; roomtemperature not25C; reheating1200C/coiling550C not finalHT,2.52e-05,A/cm2,2.52e-05,-4.598599459218456,water_then_coiling_550C,room_temperature,1800
La24Q355_verified_2,La24Q355,2,10.3390/ma17174467,https://doi.org/10.3390/ma17174467,reported_numeric,True,not_reported,potentiodynamic_Tafel,reported_steel_composition,0.16,0.28,1.33,0.007,0.0081,,,0.011,0,0.0017,,0.011,La,low-alloy steel,Q355,vacuum_induction,ingot_casting,hot_rolled,VIM50kg;cast;forge;1200C60min reheat;6rolling passes;finish860C;watercool;coil550C,not_reported,NaHSO3,0.01 M NaHSO3 without addedLaCl3,0.01,0,0,,,,,,,,,SCE,0.5,Table2 p12; Table1 p2; Sec2.1/2.4 and3.6,Exact Table2 target replaces old estimates; PDP surface/pre-exposure mapping ambiguous;72h belongs to separate cyclic test and not assigned toPDP; roomtemperature not25C; reheating1200C/coiling550C not finalHT,1.91e-05,A/cm2,1.91e-05,-4.718966632752273,water_then_coiling_550C,room_temperature,1800
La24Q355_verified_3,La24Q355,3,10.3390/ma17174467,https://doi.org/10.3390/ma17174467,reported_numeric,True,not_reported,potentiodynamic_Tafel,reported_steel_composition,0.16,0.28,1.33,0.0066,0.0032,,,0.023,0,0.0026,,0.023,La,low-alloy steel,Q355,vacuum_induction,ingot_casting,hot_rolled,VIM50kg;cast;forge;1200C60min reheat;6rolling passes;finish860C;watercool;coil550C,not_reported,NaHSO3,0.01 M NaHSO3 without addedLaCl3,0.01,0,0,,,,,,,,,SCE,0.5,Table2 p12; Table1 p2; Sec2.1/2.4 and3.6,Exact Table2 target replaces old estimates; PDP surface/pre-exposure mapping ambiguous;72h belongs to separate cyclic test and not assigned toPDP; roomtemperature not25C; reheating1200C/coiling550C not finalHT,1.15e-05,A/cm2,1.15e-05,-4.939302159646388,water_then_coiling_550C,room_temperature,1800
La24Q355_verified_4,La24Q355,4,10.3390/ma17174467,https://doi.org/10.3390/ma17174467,reported_numeric,True,not_reported,potentiodynamic_Tafel,reported_steel_composition,0.16,0.28,1.34,0.0069,0.0076,,,0.031,0,0.001,,0.031,La,low-alloy steel,Q355,vacuum_induction,ingot_casting,hot_rolled,VIM50kg;cast;forge;1200C60min reheat;6rolling passes;finish860C;watercool;coil550C,not_reported,NaHSO3,0.01 M NaHSO3 without addedLaCl3,0.01,0,0,,,,,,,,,SCE,0.5,Table2 p12; Table1 p2; Sec2.1/2.4 and3.6,Exact Table2 target replaces old estimates; PDP surface/pre-exposure mapping ambiguous;72h belongs to separate cyclic test and not assigned toPDP; roomtemperature not25C; reheating1200C/coiling550C not finalHT,6.65e-06,A/cm2,6.65e-06,-5.1771783546968955,water_then_coiling_550C,room_temperature,1800
