record_id,reference_id,doi,sample_id,surface_state_cat,pretest_surface_roughness_Ra_um,roughness_measured_when,roughness_method,source_locator,review_status
RECORR_000001,Tang2019,10.3390/ma12203359,Tang2019_Normal,polished,,,,,unreviewed
RECORR_000002,Tang2019,10.3390/ma12203359,Tang2019_AlRE,polished,,,,,unreviewed
RECORR_000003,Tang2019,10.3390/ma12203359,Tang2019_TiZrRE,polished,,,,,unreviewed
RECORR_000004,MDPI26LaCe,10.3390/ma19122685,2685_0RE,polished,,,,,unreviewed
RECORR_000005,MDPI26LaCe,10.3390/ma19122685,2685_003LaCe,polished,,,,,unreviewed
RECORR_000006,MDPI26LaCe,10.3390/ma19122685,2685_03LaCe,polished,,,,,unreviewed
RECORR_000007,Zhang2025,10.3390/ma18010069,316L_no1,polished,,,,,unreviewed
RECORR_000008,Zhang2025,10.3390/ma18010069,316L_no2,polished,,,,,unreviewed
RECORR_000009,Zhang2025,10.3390/ma18010069,316L_no3,polished,,,,,unreviewed
RECORR_000010,Coat24,10.3390/coatings14040413,EH36_0,rusted,,,,,unreviewed
RECORR_000011,Coat24,10.3390/coatings14040413,EH36_1La,rusted,,,,,unreviewed
RECORR_000012,Coat24,10.3390/coatings14040413,EH36_2Ce,rusted,,,,,unreviewed
RECORR_000013,Coat24,10.3390/coatings14040413,EH36_3Pr,rusted,,,,,unreviewed
NEW_Ma19FSS_FSS1,Ma19FSS,10.20964/2019.03.31,FSS1,polished,,,,,unreviewed
NEW_Ma19FSS_FSS2,Ma19FSS,10.20964/2019.03.31,FSS2,polished,,,,,unreviewed
NEW_Ma19FSS_FSS3,Ma19FSS,10.20964/2019.03.31,FSS3,polished,,,,,unreviewed
NEW_Ma19FSS_FSS4,Ma19FSS,10.20964/2019.03.31,FSS4,polished,,,,,unreviewed
NEW_Bridge25_1,Bridge25,10.3390/met15010085,1,rusted,,,,,unreviewed
NEW_Bridge25_2,Bridge25,10.3390/met15010085,2,rusted,,,,,unreviewed
NEW_Bridge25_3,Bridge25,10.3390/met15010085,3,rusted,,,,,unreviewed
NEW_UCS23_UCS-Q235BRE(C),UCS23,10.3390/met13010066,UCS-Q235BRE(C),polished,,,,,unreviewed
NEW_UCS23_UCS-Q235BRE(R),UCS23,10.3390/met13010066,UCS-Q235BRE(R),polished,,,,,unreviewed
NEW_UCS23_UCS-Q235B(R),UCS23,10.3390/met13010066,UCS-Q235B(R),polished,,,,,unreviewed
NEW_UCS23_UCS-SPA-H(R),UCS23,10.3390/met13010066,UCS-SPA-H(R),polished,,,,,unreviewed
GCr23_hot_rolled_0,GCr23,10.1016/j.corcom.2022.06.004,GCr15_hot_rolled,polished,,,,,unreviewed
GCr23_hot_rolled_1,GCr23,10.1016/j.corcom.2022.06.004,R-GCr15_hot_rolled,polished,,,,,unreviewed
GCr23_annealed_0,GCr23,10.1016/j.corcom.2022.06.004,GCr15_annealed,polished,,,,,unreviewed
GCr23_annealed_1,GCr23,10.1016/j.corcom.2022.06.004,R-GCr15_annealed,polished,,,,,unreviewed
GCr23_quenched_tempered_0,GCr23,10.1016/j.corcom.2022.06.004,GCr15_quenched_tempered,polished,,,,,unreviewed
GCr23_quenched_tempered_1,GCr23,10.1016/j.corcom.2022.06.004,R-GCr15_quenched_tempered,polished,,,,,unreviewed
CC25_verified_1,CC25,10.1007/s42243-025-01553-x,CC-1,not_reported,,,,,unreviewed
CC25_verified_2,CC25,10.1007/s42243-025-01553-x,CC-2,not_reported,,,,,unreviewed
CC25_verified_3,CC25,10.1007/s42243-025-01553-x,CC-3,not_reported,,,,,unreviewed
CC25_verified_4,CC25,10.1007/s42243-025-01553-x,CC-4,not_reported,,,,,unreviewed
Al10_26_0_pre72h,Al10_26,10.13228/j.boyuan.issn1006-9356.20250594,0_pre72h,rusted,,,,,unreviewed
Al10_26_0_pre120h,Al10_26,10.13228/j.boyuan.issn1006-9356.20250594,0_pre120h,rusted,,,,,unreviewed
Al10_26_0_pre168h,Al10_26,10.13228/j.boyuan.issn1006-9356.20250594,0_pre168h,rusted,,,,,unreviewed
Al10_26_0_pre216h,Al10_26,10.13228/j.boyuan.issn1006-9356.20250594,0_pre216h,rusted,,,,,unreviewed
Al10_26_1_pre72h,Al10_26,10.13228/j.boyuan.issn1006-9356.20250594,1_pre72h,rusted,,,,,unreviewed
Al10_26_1_pre120h,Al10_26,10.13228/j.boyuan.issn1006-9356.20250594,1_pre120h,rusted,,,,,unreviewed
Al10_26_1_pre168h,Al10_26,10.13228/j.boyuan.issn1006-9356.20250594,1_pre168h,rusted,,,,,unreviewed
Al10_26_1_pre216h,Al10_26,10.13228/j.boyuan.issn1006-9356.20250594,1_pre216h,rusted,,,,,unreviewed
Al10_26_2_pre72h,Al10_26,10.13228/j.boyuan.issn1006-9356.20250594,2_pre72h,rusted,,,,,unreviewed
Al10_26_2_pre120h,Al10_26,10.13228/j.boyuan.issn1006-9356.20250594,2_pre120h,rusted,,,,,unreviewed
Al10_26_2_pre168h,Al10_26,10.13228/j.boyuan.issn1006-9356.20250594,2_pre168h,rusted,,,,,unreviewed
Al10_26_2_pre216h,Al10_26,10.13228/j.boyuan.issn1006-9356.20250594,2_pre216h,rusted,,,,,unreviewed
La24Q355_verified_0,La24Q355,10.3390/ma17184467,0,not_reported,,,,,unreviewed
La24Q355_verified_1,La24Q355,10.3390/ma17184467,1,not_reported,,,,,unreviewed
La24Q355_verified_2,La24Q355,10.3390/ma17184467,2,not_reported,,,,,unreviewed
La24Q355_verified_3,La24Q355,10.3390/ma17184467,3,not_reported,,,,,unreviewed
La24Q355_verified_4,La24Q355,10.3390/ma17184467,4,not_reported,,,,,unreviewed
