record_id,reference_id,material_class,alloy_system,sample_id,C_wt_pct,Si_wt_pct,Mn_wt_pct,P_wt_pct,S_wt_pct,O_wt_pct,Cr_wt_pct,Cu_wt_pct,Ni_wt_pct,RE_wt_pct,melting_route_cat,RE_element_cat,RE_nominal_wt_pct,RE_addition_stage_cat,casting_method_cat,final_heat_treatment_temp_C,final_heat_treatment_time_min,cooling_method_cat,exposure_type_cat,electrolyte_type_cat,Cl_mol_L,temperature_C,aeration_cat,exposure_time_h,test_standard_cat,icorr_A_cm2,log_icorr,Ecorr_V,journal,publication_year,doi,paper_title,source_url,journal_quartile,quartile_basis,icorr_status,remarks,TP_scan_rate_mV_s,TP_start_potential_V,TP_end_potential_V,TP_potential_basis_cat,TP_reference_electrode_cat,TP_OCP_stabilization_time_s,TP_settings_status,TP_settings_remarks,TP_settings_source_url,origin,primary_eligible,composition_basis,target_locator,exclusion_reason,surface_state_cat,electrolyte_family,raw_icorr_value,raw_icorr_unit,quality_flags,original_remarks,Cl_conversion_basis,RE_log1p_ppm,NaCl_wt_pct,H2SO4_mol_L,pH,dissolved_oxygen_mg_L,gas_condition_cat,log_pre_exposure_h,processing_state_cat,inclusion_number_density_mm2,inclusion_mean_area_um2,Mo_wt_pct,S_upper_bound_wt_pct,P_upper_bound_wt_pct,W_wt_pct,temperature_description,OCP_stabilization_s,processing_sequence,target_method,Al_wt_pct,Ca_wt_pct,La_wt_pct,Ce_wt_pct,N_wt_pct,NaHSO3_mol_L,pre_exposure_h,pre_exposure_electrolyte,pre_exposure_temperature_C,pre_exposure_type,pre_exposure_cycle_min,pre_exposure_wet_min
RECORR_000001,Tang2019,low alloy steel,Fe-Cr-Cu-Ni (RE microalloyed),Tang2019_Normal,,,,,,,,,,0,VIM,none,0,during_melting,,,,,1,1,0.598,25,0,,0,5.31e-05,-4.274905478918531,-0.122,Materials,2019,10.3390/ma12203359,Mechanism Understanding of the Role of Rare Earth Inclusions in the Initial Marine Corrosion Process of Microalloyed Steels,https://pmc.ncbi.nlm.nih.gov/articles/PMC6829360/,Q2,"SCImago SJR Q2 (Materials Chemistry, 2025)",reported,Al vs Ti/Zr 탈산법 동시 변화; RE 인과효과로 해석 금지,0.333,-0.3,,vs_OCP,SCE,,reported,시작 −300 mV vs OCP; 종료는 전류밀도 1 mA/cm² 도달 조건(고정 종료전위 없음).,https://pmc.ncbi.nlm.nih.gov/articles/PMC6829360/,original_workbook,True,control_composition_unreported,Table 2; composition Table 1; methods 2.2.1,,polished,NaCl,5.31e-05,A/cm2,Al vs Ti/Zr 탈산법 동시 변화; RE 인과효과로 해석 금지,침지 50일 후 PDP; icorr 원문 Table (x10^-5 A/cm2) 값. 기준시험 없음(RE 무첨가 강). N2 아니면 3.5wt% NaCl 25C,"원본 DB 근사 환산값; 용액밀도/수화상태 미검증, 모델 미사용",0.0,3.5,0,,,not_reported,,,,,,,,,,,,,,,,,,,,,,,,
RECORR_000002,Tang2019,low alloy steel,Fe-Cr-Cu-Ni-La-Ce,Tang2019_AlRE,0.053,0.23,0.13,0.005,0.003,0.05,1.21,0.39,0.31,0.005,VIM,La+Ce,0.005,during_melting,,,,,1,1,0.598,25,0,,0,4.6e-05,-4.337242168318426,-0.137,Materials,2019,10.3390/ma12203359,Mechanism Understanding of the Role of Rare Earth Inclusions in the Initial Marine Corrosion Process of Microalloyed Steels,https://pmc.ncbi.nlm.nih.gov/articles/PMC6829360/,Q2,"SCImago SJR Q2 (Materials Chemistry, 2025)",reported,Al vs Ti/Zr 탈산법 동시 변화; RE 인과효과로 해석 금지,0.333,-0.3,,vs_OCP,SCE,,reported,시작 −300 mV vs OCP; 종료는 전류밀도 1 mA/cm² 도달 조건(고정 종료전위 없음).,https://pmc.ncbi.nlm.nih.gov/articles/PMC6829360/,original_workbook,True,reported_sample,Table 2; composition Table 1; methods 2.2.1,,polished,NaCl,4.6e-05,A/cm2,Al vs Ti/Zr 탈산법 동시 변화; RE 인과효과로 해석 금지,Mischmetal(La+Ce) Al 탈산; icorr 원문 Table 값(x10^-5 A/cm2). La .002/Ce .003,"원본 DB 근사 환산값; 용액밀도/수화상태 미검증, 모델 미사용",3.9318256327243257,3.5,0,,,not_reported,,,100.29,4.02,,,,,,,,,,,,,,,,,,,,
RECORR_000003,Tang2019,low alloy steel,Fe-Cr-Cu-Ni-La-Ce-Ti-Zr,Tang2019_TiZrRE,0.05,0.22,0.13,0.005,0.003,0.065,1.22,0.43,0.33,0.005,VIM,La+Ce,0.005,during_melting,,,,,1,1,0.598,25,0,,0,2.93e-05,-4.533132379645891,-0.237,Materials,2019,10.3390/ma12203359,Mechanism Understanding of the Role of Rare Earth Inclusions in the Initial Marine Corrosion Process of Microalloyed Steels,https://pmc.ncbi.nlm.nih.gov/articles/PMC6829360/,Q2,"SCImago SJR Q2 (Materials Chemistry, 2025)",reported,Al vs Ti/Zr 탈산법 동시 변화; RE 인과효과로 해석 금지,0.333,-0.3,,vs_OCP,SCE,,reported,시작 −300 mV vs OCP; 종료는 전류밀도 1 mA/cm² 도달 조건(고정 종료전위 없음).,https://pmc.ncbi.nlm.nih.gov/articles/PMC6829360/,original_workbook,True,reported_sample,Table 2; composition Table 1; methods 2.2.1,,polished,NaCl,2.93e-05,A/cm2,Al vs Ti/Zr 탈산법 동시 변화; RE 인과효과로 해석 금지,Ti/Zr 탈산 + RE; icorr 원문 Table 값(x10^-5 A/cm2). La .002/Ce .003,"원본 DB 근사 환산값; 용액밀도/수화상태 미검증, 모델 미사용",3.9318256327243257,3.5,0,,,not_reported,,,60.04,6.11,,,,,,,,,,,,,,,,,,,,
RECORR_000004,MDPI26LaCe,low alloy steel,Fe-Cr-Ni-Cu-Sb-La-Ce,2685_0RE,0.05,0.5,1.5,,,,2,0.5,1,0,VIM,none,0,during_melting,,,,controlled_cooling,electrochemical_immersion,9,,,0,,0,1.893e-06,-5.722849386036203,,Materials,2026,10.3390/ma19122685,Effect of La and Ce Microalloying on the Corrosion Resistance of 0.4Sb Low-Alloy Steel in a Harsh Marine Atmosphere,https://www.mdpi.com/1996-1944/19/12/2685,Q2,SCImago SJR Q2 (2025),reported,Sb 동시 변화; Ecorr 원문 mV/수치 불일치,0.333,-0.5,0.5,vs_OCP,SCE,,reported,OCP ±500 mV. 안정화 기준: 10분 동안 전위변동 ±20 mV 이내; 10분은 고정 대기시간이 아니므로 시간 셀 공란.,https://www.mdpi.com/1996-1944/19/12/2685,original_workbook,True,reported_sample,Table 2; Table 1; methods 2.3,,polished,NaCl_CaCl2_Na2SO4,1.893e-06,A/cm2,Sb 동시 변화; Ecorr 원문 mV/수치 불일치,"진공용해+제어압연. Ecorr는 원문 Table 2 헤더가 mV이나 값 크기(-0.35)로 V(SCE) 판단·기입. Sb 0.42. 습건반복 40C/90%RH, 해수모사 혼합용액",,0.0,0.1,0,,,not_reported,,,,,0.25,0.008,0.005,,,,,,,,,,,,,,,,,
RECORR_000005,MDPI26LaCe,low alloy steel,Fe-Cr-Ni-Cu-Sb-La-Ce,2685_003LaCe,0.05,0.5,1.5,,,,2,0.5,1,0.036,VIM,La+Ce,0.036,during_melting,,,,controlled_cooling,electrochemical_immersion,9,,,0,,0,1.829e-06,-5.737786294523583,,Materials,2026,10.3390/ma19122685,Effect of La and Ce Microalloying on the Corrosion Resistance of 0.4Sb Low-Alloy Steel in a Harsh Marine Atmosphere,https://www.mdpi.com/1996-1944/19/12/2685,Q2,SCImago SJR Q2 (2025),reported,Sb 동시 변화; Ecorr 원문 mV/수치 불일치,0.333,-0.5,0.5,vs_OCP,SCE,,reported,OCP ±500 mV. 안정화 기준: 10분 동안 전위변동 ±20 mV 이내; 10분은 고정 대기시간이 아니므로 시간 셀 공란.,https://www.mdpi.com/1996-1944/19/12/2685,original_workbook,True,reported_sample,Table 2; Table 1; methods 2.3,,polished,NaCl_CaCl2_Na2SO4,1.829e-06,A/cm2,Sb 동시 변화; Ecorr 원문 mV/수치 불일치,La+Ce 합계 0.036 wt% (개별 함량 미기재). Sb 0.40. Ecorr 단위 판단 주의(0RE 행 비고 참조),,5.8888779583328805,0.1,0,,,not_reported,,,,,0.25,0.008,0.005,,,,,,,,,,,,,,,,,
RECORR_000006,MDPI26LaCe,low alloy steel,Fe-Cr-Ni-Cu-Sb-La-Ce,2685_03LaCe,0.05,0.5,1.5,,,,2,0.5,1,0.33,VIM,La+Ce,0.33,during_melting,,,,controlled_cooling,electrochemical_immersion,9,,,0,,0,1.29e-06,-5.889410289700751,,Materials,2026,10.3390/ma19122685,Effect of La and Ce Microalloying on the Corrosion Resistance of 0.4Sb Low-Alloy Steel in a Harsh Marine Atmosphere,https://www.mdpi.com/1996-1944/19/12/2685,Q2,SCImago SJR Q2 (2025),reported,Sb 동시 변화; Ecorr 원문 mV/수치 불일치,0.333,-0.5,0.5,vs_OCP,SCE,,reported,OCP ±500 mV. 안정화 기준: 10분 동안 전위변동 ±20 mV 이내; 10분은 고정 대기시간이 아니므로 시간 셀 공란.,https://www.mdpi.com/1996-1944/19/12/2685,original_workbook,True,reported_sample,Table 2; Table 1; methods 2.3,,polished,NaCl_CaCl2_Na2SO4,1.29e-06,A/cm2,Sb 동시 변화; Ecorr 원문 mV/수치 불일치,La+Ce 합계 0.33 wt%. Sb 0.40. icorr 원문 Table 2 값 (A/cm2),,8.101980731853192,0.1,0,,,not_reported,,,,,0.25,0.008,0.005,,,,,,,,,,,,,,,,,
RECORR_000007,Zhang2025,austenitic stainless steel,Fe-Cr-Ni-Ce (316L),316L_no1,0.015,0.965,1.92,0.006,0.005,,18.62,0.352,13.55,0,VIM,none,0,during_melting,,1050,,,1,1,0.598,,0,,0,3.07e-06,-5.512861624522814,-0.329,Materials,2025,10.3390/ma18010069,Effect of Ce Content on Modification Behavior of Inclusions and Corrosion Resistance of 316L Stainless Steel,https://www.mdpi.com/1996-1944/18/1/69,Q2,SCImago SJR Q2 (2025),reported,용체화1050°C; 별도 FeCl3 시험조건은 PDP에 넣지 않음,0.167,-0.25,0.25,,SCE,,reported,원문 스캔범위 −0.25~0.25 V; OCP 또는 SCE 기준인지 명시되지 않아 추정하지 않음.,https://www.mdpi.com/1996-1944/18/1/69,original_workbook,True,reported_sample,원문 composition/polarization tables; electrochemical methods,,polished,NaCl,3.07e-06,A/cm2,용체화1050°C; 별도 FeCl3 시험조건은 PDP에 넣지 않음,"중주파 VIM(질소 보호분위기), 1200C 2h 단조 후 1050C 용체화. PDP 3.5wt% NaCl, SCE 기준. FeCl3 침지는 ASTM G48 준거(22C, 72h)","원본 DB 근사 환산값; 용액밀도/수화상태 미검증, 모델 미사용",0.0,3.5,0,,,not_reported,,solution_treated,,,2.0,,,,,,,,,,,,,,,,,,,
RECORR_000008,Zhang2025,austenitic stainless steel,Fe-Cr-Ni-Ce (316L),316L_no2,0.013,0.962,1.92,0.005,0.004,,18.71,0.351,13.57,0.0023,VIM,Ce,0.0023,during_melting,,1050,,,1,1,0.598,,0,,0,2.13e-06,-5.671620396561262,-0.202,Materials,2025,10.3390/ma18010069,Effect of Ce Content on Modification Behavior of Inclusions and Corrosion Resistance of 316L Stainless Steel,https://www.mdpi.com/1996-1944/18/1/69,Q2,SCImago SJR Q2 (2025),reported,용체화1050°C; 별도 FeCl3 시험조건은 PDP에 넣지 않음,0.167,-0.25,0.25,,SCE,,reported,원문 스캔범위 −0.25~0.25 V; OCP 또는 SCE 기준인지 명시되지 않아 추정하지 않음.,https://www.mdpi.com/1996-1944/18/1/69,original_workbook,True,reported_sample,원문 composition/polarization tables; electrochemical methods,,polished,NaCl,2.13e-06,A/cm2,용체화1050°C; 별도 FeCl3 시험조건은 PDP에 넣지 않음,Ce-Fe 합금(30mass% Ce) 2차 첨가,"원본 DB 근사 환산값; 용액밀도/수화상태 미검증, 모델 미사용",3.1780538303479458,3.5,0,,,not_reported,,solution_treated,,,2.05,,,,,,,,,,,,,,,,,,,
RECORR_000009,Zhang2025,austenitic stainless steel,Fe-Cr-Ni-Ce (316L),316L_no3,0.016,0.961,1.89,0.006,0.005,,18.69,0.354,13.5,0.0082,VIM,Ce,0.0082,during_melting,,1050,,,1,1,0.598,,0,,0,1.71e-06,-5.767003889607846,-0.031,Materials,2025,10.3390/ma18010069,Effect of Ce Content on Modification Behavior of Inclusions and Corrosion Resistance of 316L Stainless Steel,https://www.mdpi.com/1996-1944/18/1/69,Q2,SCImago SJR Q2 (2025),reported,용체화1050°C; 별도 FeCl3 시험조건은 PDP에 넣지 않음,0.167,-0.25,0.25,,SCE,,reported,원문 스캔범위 −0.25~0.25 V; OCP 또는 SCE 기준인지 명시되지 않아 추정하지 않음.,https://www.mdpi.com/1996-1944/18/1/69,original_workbook,True,reported_sample,원문 composition/polarization tables; electrochemical methods,,polished,NaCl,1.71e-06,A/cm2,용체화1050°C; 별도 FeCl3 시험조건은 PDP에 넣지 않음,icorr 최저/Ecorr 최고(최적 Ce 0.0082wt%),"원본 DB 근사 환산값; 용액밀도/수화상태 미검증, 모델 미사용",4.418840607796598,3.5,0,,,not_reported,,solution_treated,,,2.06,,,,,,,,,,,,,,,,,,,
RECORR_000010,Coat24,low alloy steel,Fe-Mn-La (EH36계),EH36_0,0.1118,0.1994,1.5595,0.0156,0.0039,,,,,0,VIM,none,0,during_melting,,,,air_cool,1,1,0.598,25,0,1512,0,0.000182,-3.7399286120149253,,Coatings,2024,10.3390/coatings14040413,Effect of Doping Trace Rare Earth Elements on Corrosion Behavior of EH36 Offshore Platform Steel,https://www.mdpi.com/2079-6412/14/4/413,Q2,"SCImago SJR Q2 (Surfaces/Coatings, 2025)",reported,PDP ±5mV 범위 원문 기재; Ce 초록/Table2 불일치; Table2 사용,2,-0.005,0.005,vs_OCP,SCE,,reported,"원문: 2 mV/s, OCP 기준 ±5 mV. 그대로 기록하되 범위가 매우 좁으므로 Tafel 외삽용 스캔범위인지 원문 오류인지 재검증 필요. ±500 mV로 임의 수정하지 않음.",https://www.mdpi.com/2079-6412/14/4/413,original_workbook,True,reported_sample,Abstract; section 3.4; Tables 1–2,,rusted,NaCl,0.000182,A/cm2,PDP ±5mV 범위 원문 기재; Ce 초록/Table2 불일치; Table2 사용,"진공 20Pa+Ar, RE 삽입법 첨가, 압연+노멀라이징(조건 미기재, 공냉 추정). 3.5wt% NaCl 63일 침지 후 Tafel. Ecorr 미기재","원본 DB 근사 환산값; 용액밀도/수화상태 미검증, 모델 미사용",0.0,3.5,0,,,not_reported,7.321849713788356,,,,,,,,,,,,,,,,,,,,,,,
RECORR_000011,Coat24,low alloy steel,Fe-Mn-La (EH36계),EH36_1La,,,,,,,,,,0.0031,VIM,La,0.0031,during_melting,,,,air_cool,1,1,0.598,25,0,1512,0,6.59e-05,-4.18111458540599,,Coatings,2024,10.3390/coatings14040413,Effect of Doping Trace Rare Earth Elements on Corrosion Behavior of EH36 Offshore Platform Steel,https://www.mdpi.com/2079-6412/14/4/413,Q2,"SCImago SJR Q2 (Surfaces/Coatings, 2025)",reported,PDP ±5mV 범위 원문 기재; Ce 초록/Table2 불일치; Table2 사용,2,-0.005,0.005,vs_OCP,SCE,,reported,"원문: 2 mV/s, OCP 기준 ±5 mV. 그대로 기록하되 범위가 매우 좁으므로 Tafel 외삽용 스캔범위인지 원문 오류인지 재검증 필요. ±500 mV로 임의 수정하지 않음.",https://www.mdpi.com/2079-6412/14/4/413,original_workbook,True,RE_measured_other_composition_unreported,Abstract; section 3.4; Tables 1–2,,rusted,NaCl,6.59e-05,A/cm2,PDP ±5mV 범위 원문 기재; Ce 초록/Table2 불일치; Table2 사용,"기본 조성은 0#과 동일한 EH36로 간주(원문 표에 타 시편 조성 미기재, 추정). 63일 침지 후 Tafel icorr","원본 DB 근사 환산값; 용액밀도/수화상태 미검증, 모델 미사용",3.4657359027997265,3.5,0,,,not_reported,7.321849713788356,,,,,,,,,,,,,,,,,,,,,,,
RECORR_000012,Coat24,low alloy steel,Fe-Mn-Ce (EH36계),EH36_2Ce,,,,,,,,,,0.0024,VIM,Ce,0.0024,during_melting,,,,air_cool,1,1,0.598,25,0,1512,0,7.57e-05,-4.120904120499927,,Coatings,2024,10.3390/coatings14040413,Effect of Doping Trace Rare Earth Elements on Corrosion Behavior of EH36 Offshore Platform Steel,https://www.mdpi.com/2079-6412/14/4/413,Q2,"SCImago SJR Q2 (Surfaces/Coatings, 2025)",reported,PDP ±5mV 범위 원문 기재; Ce 초록/Table2 불일치; Table2 사용,2,-0.005,0.005,vs_OCP,SCE,,reported,"원문: 2 mV/s, OCP 기준 ±5 mV. 그대로 기록하되 범위가 매우 좁으므로 Tafel 외삽용 스캔범위인지 원문 오류인지 재검증 필요. ±500 mV로 임의 수정하지 않음.",https://www.mdpi.com/2079-6412/14/4/413,original_workbook,True,RE_measured_other_composition_unreported,Abstract; section 3.4; Tables 1–2,,rusted,NaCl,7.57e-05,A/cm2,PDP ±5mV 범위 원문 기재; Ce 초록/Table2 불일치; Table2 사용,Ce: Table 2 기준 0.0024(초록문 0.0027 불일치). 조성은 EH36 동일 간주(추정),"원본 DB 근사 환산값; 용액밀도/수화상태 미검증, 모델 미사용",3.2188758248682006,3.5,0,,,not_reported,7.321849713788356,,,,,,,,,,,,,,,,,,,,,,,
RECORR_000013,Coat24,low alloy steel,Fe-Mn-Pr (EH36계),EH36_3Pr,,,,,,,,,,0.0001,VIM,Pr,0.0001,during_melting,,,,air_cool,1,1,0.598,25,0,1512,0,9.53e-05,-4.020907099361674,,Coatings,2024,10.3390/coatings14040413,Effect of Doping Trace Rare Earth Elements on Corrosion Behavior of EH36 Offshore Platform Steel,https://www.mdpi.com/2079-6412/14/4/413,Q2,"SCImago SJR Q2 (Surfaces/Coatings, 2025)",reported,PDP ±5mV 범위 원문 기재; Ce 초록/Table2 불일치; Table2 사용,2,-0.005,0.005,vs_OCP,SCE,,reported,"원문: 2 mV/s, OCP 기준 ±5 mV. 그대로 기록하되 범위가 매우 좁으므로 Tafel 외삽용 스캔범위인지 원문 오류인지 재검증 필요. ±500 mV로 임의 수정하지 않음.",https://www.mdpi.com/2079-6412/14/4/413,original_workbook,True,RE_measured_other_composition_unreported,Abstract; section 3.4; Tables 1–2,,rusted,NaCl,9.53e-05,A/cm2,PDP ±5mV 범위 원문 기재; Ce 초록/Table2 불일치; Table2 사용,Pr 0.0001 wt%. 조성은 EH36 동일 간주(추정),"원본 DB 근사 환산값; 용액밀도/수화상태 미검증, 모델 미사용",0.6931471805599453,3.5,0,,,not_reported,7.321849713788356,,,,,,,,,,,,,,,,,,,,,,,
NEW_Ma19FSS_FSS1,Ma19FSS,ferritic stainless steel,444-type FSS,FSS1,0.006,0.54,0.33,0.006,0.006,,19.7,,,0,,none,,,,1000,1,,electrochemical_immersion,NaCl,0.5,25,,,,0.000317,-3.4989407377822483,,,2019,10.20964/2019.03.31,Influence of Cerium and Tungsten Addition on the Passive Behaviour of 444-type Ferritic Stainless Steels,https://www.electrochemsci.org/papers/vol14/140302277.pdf,,,source_table,W 동시 첨가; Ecorr 부호/단위 모호하므로 Ecorr 미사용,0.5,,,,SCE,,,,,new_search,True,reported_sample,"Table1; Table2 last icorr column, PDF p4",,polished,H2SO4_NaCl,317,uA/cm2,W 동시 첨가; Ecorr 부호/단위 모호하므로 Ecorr 미사용,,원문 mol/L 보고,0.0,,1,,,not_reported,,annealed,,,2.09,,,0,,,,,,,,,,,,,,,,
NEW_Ma19FSS_FSS2,Ma19FSS,ferritic stainless steel,444-type FSS,FSS2,0.009,0.52,0.32,0.008,0.008,,19.5,,,0.048,,Ce,,,,1000,1,,electrochemical_immersion,NaCl,0.5,25,,,,0.00025,-3.6020599913279625,,,2019,10.20964/2019.03.31,Influence of Cerium and Tungsten Addition on the Passive Behaviour of 444-type Ferritic Stainless Steels,https://www.electrochemsci.org/papers/vol14/140302277.pdf,,,source_table,W 동시 첨가; Ecorr 부호/단위 모호하므로 Ecorr 미사용,0.5,,,,SCE,,,,,new_search,True,reported_sample,"Table1; Table2 last icorr column, PDF p4",,polished,H2SO4_NaCl,250,uA/cm2,W 동시 첨가; Ecorr 부호/단위 모호하므로 Ecorr 미사용,,원문 mol/L 보고,6.175867270105761,,1,,,not_reported,,annealed,,,1.97,,,0,,,,,,,,,,,,,,,,
NEW_Ma19FSS_FSS3,Ma19FSS,ferritic stainless steel,444-type FSS,FSS3,0.007,0.5,0.32,0.01,0.009,,19.1,,,0.056,,Ce,,,,1000,1,,electrochemical_immersion,NaCl,0.5,25,,,,0.000235,-3.6289321377282637,,,2019,10.20964/2019.03.31,Influence of Cerium and Tungsten Addition on the Passive Behaviour of 444-type Ferritic Stainless Steels,https://www.electrochemsci.org/papers/vol14/140302277.pdf,,,source_table,W 동시 첨가; Ecorr 부호/단위 모호하므로 Ecorr 미사용,0.5,,,,SCE,,,,,new_search,True,reported_sample,"Table1; Table2 last icorr column, PDF p4",,polished,H2SO4_NaCl,235,uA/cm2,W 동시 첨가; Ecorr 부호/단위 모호하므로 Ecorr 미사용,,원문 mol/L 보고,6.329720905522696,,1,,,not_reported,,annealed,,,1.95,,,0.58,,,,,,,,,,,,,,,,
NEW_Ma19FSS_FSS4,Ma19FSS,ferritic stainless steel,444-type FSS,FSS4,0.01,0.53,0.35,0.008,0.01,,19.9,,,0.053,,Ce,,,,1000,1,,electrochemical_immersion,NaCl,0.5,25,,,,0.00017199999999999998,-3.7644715530924513,,,2019,10.20964/2019.03.31,Influence of Cerium and Tungsten Addition on the Passive Behaviour of 444-type Ferritic Stainless Steels,https://www.electrochemsci.org/papers/vol14/140302277.pdf,,,source_table,W 동시 첨가; Ecorr 부호/단위 모호하므로 Ecorr 미사용,0.5,,,,SCE,,,,,new_search,True,reported_sample,"Table1; Table2 last icorr column, PDF p4",,polished,H2SO4_NaCl,172,uA/cm2,W 동시 첨가; Ecorr 부호/단위 모호하므로 Ecorr 미사용,,원문 mol/L 보고,6.274762021241939,,1,,,not_reported,,annealed,,,2.03,,,1.12,,,,,,,,,,,,,,,,
NEW_Bridge25_1,Bridge25,low alloy steel,Q370qENH,1,0.08,0.24,1.2,,,,0.536,0.405,0.378,0,,none,,,,,,,salt_spray_preexposed,NaCl,,,,216,,0.000477,-3.321481620959886,-0.599,,2025,10.3390/met15010085,Effect of Trace Rare Earth Elements (Ce) on the Corrosion Resistance of High-Strength Weathering Bridge Steels,https://www.mdpi.com/2075-4701/15/1/85,,,source_table,시험온도 수치 미기재: 염수분무25°C를 PDP 온도로 대체하지 않음; 3.5%NaCl 맥락 연결,,,,,SCE,,,,,new_search,True,reported_sample,Table1 and Table7; section3.4.1,,rusted,NaCl,477,uA/cm2,시험온도 수치 미기재: 염수분무25°C를 PDP 온도로 대체하지 않음; 3.5%NaCl 맥락 연결,,,0.0,3.5,0,,,not_reported,5.37989735354046,,,,,0.002,0.012,,,,,,,,,,,,,,,,,
NEW_Bridge25_2,Bridge25,low alloy steel,Q370qENH,2,0.08,0.24,1.21,,,,0.584,0.456,0.343,0.0006,,Ce,,,,,,,salt_spray_preexposed,NaCl,,,,216,,0.00033,-3.4814860601221125,-0.571,,2025,10.3390/met15010085,Effect of Trace Rare Earth Elements (Ce) on the Corrosion Resistance of High-Strength Weathering Bridge Steels,https://www.mdpi.com/2075-4701/15/1/85,,,source_table,시험온도 수치 미기재: 염수분무25°C를 PDP 온도로 대체하지 않음; 3.5%NaCl 맥락 연결,,,,,SCE,,,,,new_search,True,reported_sample,Table1 and Table7; section3.4.1,,rusted,NaCl,330,uA/cm2,시험온도 수치 미기재: 염수분무25°C를 PDP 온도로 대체하지 않음; 3.5%NaCl 맥락 연결,,,1.9459101490553132,3.5,0,,,not_reported,5.37989735354046,,,,,0.002,0.012,,,,,,,,,,,,,,,,,
NEW_Bridge25_3,Bridge25,low alloy steel,Q370qENH,3,0.07,0.25,1.19,,,,0.548,0.415,0.379,0.001,,Ce,,,,,,,salt_spray_preexposed,NaCl,,,,216,,0.000319,-3.496209316942819,-0.485,,2025,10.3390/met15010085,Effect of Trace Rare Earth Elements (Ce) on the Corrosion Resistance of High-Strength Weathering Bridge Steels,https://www.mdpi.com/2075-4701/15/1/85,,,source_table,시험온도 수치 미기재: 염수분무25°C를 PDP 온도로 대체하지 않음; 3.5%NaCl 맥락 연결,,,,,SCE,,,,,new_search,True,reported_sample,Table1 and Table7; section3.4.1,,rusted,NaCl,319,uA/cm2,시험온도 수치 미기재: 염수분무25°C를 PDP 온도로 대체하지 않음; 3.5%NaCl 맥락 연결,,,2.3978952727983707,3.5,0,,,not_reported,5.37989735354046,,,,,0.002,0.012,,,,,,,,,,,,,,,,,
NEW_UCS23_UCS-Q235BRE(C),UCS23,low alloy steel,steel,UCS-Q235BRE(C),0.023,0.15,0.4,0.02,0.004,,0.032,0.087,0.028,0.004,,La+Ce,,,twin_roll_strip,,,,electrochemical_immersion,NaCl,,20,N2_deaerated,,,0.00202,-2.694648630553376,,,2023,10.3390/met13010066,Effects of Rare Earth Elements on Microstructure and Corrosion Resistance of Low Alloy Steel Based on Ultra-Thin Cast Strip Process,https://www.mdpi.com/2075-4701/13/1/66,,,source_table,La .0015+Ce .0025; C/R 공정·비RE 조성 교란; 원문 mA 단위 명시,1,,,,SCE,,,,,new_search,True,reported_sample,"Tables1,5; electrochemical method20°C",,polished,NaCl,2.02,mA/cm2,La .0015+Ce .0025; C/R 공정·비RE 조성 교란; 원문 mA 단위 명시,,,3.713572066704308,3.5,0,,,N2_deaerated,,,,,,,,,,,,,,,,,,,,,,,,
NEW_UCS23_UCS-Q235BRE(R),UCS23,low alloy steel,steel,UCS-Q235BRE(R),0.023,0.15,0.4,0.02,0.004,,0.032,0.087,0.028,0.004,,La+Ce,,,twin_roll_strip,,,,electrochemical_immersion,NaCl,,20,N2_deaerated,,,0.00135,-2.869666231504994,,,2023,10.3390/met13010066,Effects of Rare Earth Elements on Microstructure and Corrosion Resistance of Low Alloy Steel Based on Ultra-Thin Cast Strip Process,https://www.mdpi.com/2075-4701/13/1/66,,,source_table,La .0015+Ce .0025; C/R 공정·비RE 조성 교란; 원문 mA 단위 명시,1,,,,SCE,,,,,new_search,True,reported_sample,"Tables1,5; electrochemical method20°C",,polished,NaCl,1.35,mA/cm2,La .0015+Ce .0025; C/R 공정·비RE 조성 교란; 원문 mA 단위 명시,,,3.713572066704308,3.5,0,,,N2_deaerated,,,,,,,,,,,,,,,,,,,,,,,,
NEW_UCS23_UCS-Q235B(R),UCS23,low alloy steel,steel,UCS-Q235B(R),0.023,0.17,0.58,0.015,0.004,,0.023,0.076,0.031,0,,none,,,twin_roll_strip,,,,electrochemical_immersion,NaCl,,20,N2_deaerated,,,0.00384,-2.415668775632469,,,2023,10.3390/met13010066,Effects of Rare Earth Elements on Microstructure and Corrosion Resistance of Low Alloy Steel Based on Ultra-Thin Cast Strip Process,https://www.mdpi.com/2075-4701/13/1/66,,,source_table,La .0015+Ce .0025; C/R 공정·비RE 조성 교란; 원문 mA 단위 명시,1,,,,SCE,,,,,new_search,True,reported_sample,"Tables1,5; electrochemical method20°C",,polished,NaCl,3.84,mA/cm2,La .0015+Ce .0025; C/R 공정·비RE 조성 교란; 원문 mA 단위 명시,,,0.0,3.5,0,,,N2_deaerated,,,,,,,,,,,,,,,,,,,,,,,,
NEW_UCS23_UCS-SPA-H(R),UCS23,low alloy steel,steel,UCS-SPA-H(R),0.02,0.24,0.76,0.08,0.005,,0.37,0.28,0.042,0,,none,,,twin_roll_strip,,,,electrochemical_immersion,NaCl,,20,N2_deaerated,,,0.00441,-2.3555614105321614,,,2023,10.3390/met13010066,Effects of Rare Earth Elements on Microstructure and Corrosion Resistance of Low Alloy Steel Based on Ultra-Thin Cast Strip Process,https://www.mdpi.com/2075-4701/13/1/66,,,source_table,La .0015+Ce .0025; C/R 공정·비RE 조성 교란; 원문 mA 단위 명시,1,,,,SCE,,,,,new_search,True,reported_sample,"Tables1,5; electrochemical method20°C",,polished,NaCl,4.41,mA/cm2,La .0015+Ce .0025; C/R 공정·비RE 조성 교란; 원문 mA 단위 명시,,,0.0,3.5,0,,,N2_deaerated,,,,,,,,,,,,,,,,,,,,,,,,
GCr23_hot_rolled_0,GCr23,bearing_steel,GCr15,GCr15_hot_rolled,0.95,0.178,0.285,0.006,0.003,,1.5,,,0,,none,,,,,,,,0.1 M NaCl,0.1,,,,,4.2e-06,-5.376750709602099,,,,10.1016/j.corcom.2022.06.004,,https://doi.org/10.1016/j.corcom.2022.06.004,,,reported_numeric,,,,,,AgAgCl_saturated_KCl,,,,,,True,Table1 measured steel composition; untreated steel explicitly no RE,Table4: electrochemical parameters; preparation Section2.1; electrochemical Section2.4,,polished,NaCl,4.2,uA/cm2,room temperature not converted to25C; rolling temperature/melting route unreported; full anneal + quench-temper sequence retained,,,0.0,,0,,,not_reported,,hot_rolled,,,,,,,room_temperature,1500,hot_rolled,,,,,,,,,,,,,
GCr23_hot_rolled_1,GCr23,bearing_steel,GCr15,R-GCr15_hot_rolled,0.91,0.174,0.282,0.006,0.003,,1.49,,,0.003,,La_Ce,,,,,,,,0.1 M NaCl,0.1,,,,,3.1699999999999997e-06,-5.498940737782249,,,,10.1016/j.corcom.2022.06.004,,https://doi.org/10.1016/j.corcom.2022.06.004,,,reported_numeric,,,,,,AgAgCl_saturated_KCl,,,,,,True,Table1 measured steel composition; untreated steel explicitly no RE,Table4: electrochemical parameters; preparation Section2.1; electrochemical Section2.4,,polished,NaCl,3.17,uA/cm2,room temperature not converted to25C; rolling temperature/melting route unreported; full anneal + quench-temper sequence retained,,,3.4339872044851463,,0,,,not_reported,,hot_rolled,,,,,,,room_temperature,1500,hot_rolled,,,,,,,,,,,,,
GCr23_annealed_0,GCr23,bearing_steel,GCr15,GCr15_annealed,0.95,0.178,0.285,0.006,0.003,,1.5,,,0,,none,,,,800,60,furnace_to_500_then_air,,0.1 M NaCl,0.1,,,,,3.24e-06,-5.489454989793388,,,,10.1016/j.corcom.2022.06.004,,https://doi.org/10.1016/j.corcom.2022.06.004,,,reported_numeric,,,,,,AgAgCl_saturated_KCl,,,,,,True,Table1 measured steel composition; untreated steel explicitly no RE,Table4: electrochemical parameters; preparation Section2.1; electrochemical Section2.4,,polished,NaCl,3.24,uA/cm2,room temperature not converted to25C; rolling temperature/melting route unreported; full anneal + quench-temper sequence retained,,,0.0,,0,,,not_reported,,annealed,,,,,,,room_temperature,1500,800C60min;furnace_to500C;air,,,,,,,,,,,,,
GCr23_annealed_1,GCr23,bearing_steel,GCr15,R-GCr15_annealed,0.91,0.174,0.282,0.006,0.003,,1.49,,,0.003,,La_Ce,,,,800,60,furnace_to_500_then_air,,0.1 M NaCl,0.1,,,,,2.08e-06,-5.681936665037238,,,,10.1016/j.corcom.2022.06.004,,https://doi.org/10.1016/j.corcom.2022.06.004,,,reported_numeric,,,,,,AgAgCl_saturated_KCl,,,,,,True,Table1 measured steel composition; untreated steel explicitly no RE,Table4: electrochemical parameters; preparation Section2.1; electrochemical Section2.4,,polished,NaCl,2.08,uA/cm2,room temperature not converted to25C; rolling temperature/melting route unreported; full anneal + quench-temper sequence retained,,,3.4339872044851463,,0,,,not_reported,,annealed,,,,,,,room_temperature,1500,800C60min;furnace_to500C;air,,,,,,,,,,,,,
GCr23_quenched_tempered_0,GCr23,bearing_steel,GCr15,GCr15_quenched_tempered,0.95,0.178,0.285,0.006,0.003,,1.5,,,0,,none,,,,160,60,air_after_tempering,,0.1 M NaCl,0.1,,,,,6.82e-06,-5.166215625343521,,,,10.1016/j.corcom.2022.06.004,,https://doi.org/10.1016/j.corcom.2022.06.004,,,reported_numeric,,,,,,AgAgCl_saturated_KCl,,,,,,True,Table1 measured steel composition; untreated steel explicitly no RE,Table4: electrochemical parameters; preparation Section2.1; electrochemical Section2.4,,polished,NaCl,6.82,uA/cm2,room temperature not converted to25C; rolling temperature/melting route unreported; full anneal + quench-temper sequence retained,,,0.0,,0,,,not_reported,,quenched_tempered,,,,,,,room_temperature,1500,800C60min;furnace_to500C;air;820C15min;oil_quench;160C60min;air,,,,,,,,,,,,,
GCr23_quenched_tempered_1,GCr23,bearing_steel,GCr15,R-GCr15_quenched_tempered,0.91,0.174,0.282,0.006,0.003,,1.49,,,0.003,,La_Ce,,,,160,60,air_after_tempering,,0.1 M NaCl,0.1,,,,,5.35e-06,-5.2716462179787715,,,,10.1016/j.corcom.2022.06.004,,https://doi.org/10.1016/j.corcom.2022.06.004,,,reported_numeric,,,,,,AgAgCl_saturated_KCl,,,,,,True,Table1 measured steel composition; untreated steel explicitly no RE,Table4: electrochemical parameters; preparation Section2.1; electrochemical Section2.4,,polished,NaCl,5.35,uA/cm2,room temperature not converted to25C; rolling temperature/melting route unreported; full anneal + quench-temper sequence retained,,,3.4339872044851463,,0,,,not_reported,,quenched_tempered,,,,,,,room_temperature,1500,800C60min;furnace_to500C;air;820C15min;oil_quench;160C60min;air,,,,,,,,,,,,,
CC25_verified_1,CC25,austenitic stainless steel,304,CC-1,,,,,,,,,,0,induction_AOD_LF,none,,,continuous_casting,,,,,3.5 wt% NaCl,,,,,,7.253e-06,-5.139482322538254,,,,10.1007/s42243-025-01553-x,,https://www.chinamet.cn/gtyjxbywb/cn/article/pdf/preview/10.1007/s42243-025-01553-x.pdf,,,reported_numeric,,0.2,,,,SCE,,,,,,True,Measured CC RE content 0/25.67/77.40/142.22 x10^-6 mass fraction; multiply100 for wt%; do not substitute earlier LF Table2 composition,Table4; actual CC RE mass fractions Sec3.1.2 Fig6/8 text; test Sec2 andFig10,,not_reported,NaCl,7.253,uA/cm2,CC nonRE quantitative composition not separately reported; room temperature not converted to25C; sample surface preparation unclear,,,0.0,3.5,0,,,not_reported,,as_continuously_cast,,,,,,,room_temperature,3600,,,,,,,,,,,,,,
CC25_verified_2,CC25,austenitic stainless steel,304,CC-2,,,,,,,,,,0.002567,induction_AOD_LF,La_Ce,,,continuous_casting,,,,,3.5 wt% NaCl,,,,,,6.592999999999999e-06,-5.180916924256297,,,,10.1007/s42243-025-01553-x,,https://www.chinamet.cn/gtyjxbywb/cn/article/pdf/preview/10.1007/s42243-025-01553-x.pdf,,,reported_numeric,,0.2,,,,SCE,,,,,,True,Measured CC RE content 0/25.67/77.40/142.22 x10^-6 mass fraction; multiply100 for wt%; do not substitute earlier LF Table2 composition,Table4; actual CC RE mass fractions Sec3.1.2 Fig6/8 text; test Sec2 andFig10,,not_reported,NaCl,6.593,uA/cm2,CC nonRE quantitative composition not separately reported; room temperature not converted to25C; sample surface preparation unclear,,,3.283539338193923,3.5,0,,,not_reported,,as_continuously_cast,,,,,,,room_temperature,3600,,,,,,,,,,,,,,
CC25_verified_3,CC25,austenitic stainless steel,304,CC-3,,,,,,,,,,0.00774,induction_AOD_LF,La_Ce,,,continuous_casting,,,,,3.5 wt% NaCl,,,,,,5.439e-06,-5.264480941184829,,,,10.1007/s42243-025-01553-x,,https://www.chinamet.cn/gtyjxbywb/cn/article/pdf/preview/10.1007/s42243-025-01553-x.pdf,,,reported_numeric,,0.2,,,,SCE,,,,,,True,Measured CC RE content 0/25.67/77.40/142.22 x10^-6 mass fraction; multiply100 for wt%; do not substitute earlier LF Table2 composition,Table4; actual CC RE mass fractions Sec3.1.2 Fig6/8 text; test Sec2 andFig10,,not_reported,NaCl,5.439,uA/cm2,CC nonRE quantitative composition not separately reported; room temperature not converted to25C; sample surface preparation unclear,,,4.361823927356363,3.5,0,,,not_reported,,as_continuously_cast,,,,,,,room_temperature,3600,,,,,,,,,,,,,,
CC25_verified_4,CC25,austenitic stainless steel,304,CC-4,,,,,,,,,,0.014222,induction_AOD_LF,La_Ce,,,continuous_casting,,,,,3.5 wt% NaCl,,,,,,3.4119999999999997e-06,-5.466990977504515,,,,10.1007/s42243-025-01553-x,,https://www.chinamet.cn/gtyjxbywb/cn/article/pdf/preview/10.1007/s42243-025-01553-x.pdf,,,reported_numeric,,0.2,,,,SCE,,,,,,True,Measured CC RE content 0/25.67/77.40/142.22 x10^-6 mass fraction; multiply100 for wt%; do not substitute earlier LF Table2 composition,Table4; actual CC RE mass fractions Sec3.1.2 Fig6/8 text; test Sec2 andFig10,,not_reported,NaCl,3.412,uA/cm2,CC nonRE quantitative composition not separately reported; room temperature not converted to25C; sample surface preparation unclear,,,4.964381909578794,3.5,0,,,not_reported,,as_continuously_cast,,,,,,,room_temperature,3600,,,,,,,,,,,,,,
Al10_26_0_pre72h,Al10_26,carbon steel,No.10_Al,0_pre72h,0.11,0.31,0.6,0.011,0.003,0.0016,,,,0,KR_BOF_LF_RH,none,,,continuous_casting,,,,,0.1 M NaHSO3,0,,,72,,0.000274,-3.562249437179612,,,,10.13228/j.boyuan.issn1006-9356.20250594,,https://doi.org/10.13228/j.boyuan.issn1006-9356.20250594,,,reported_numeric,,0.5,,,,SCE,,,,,,True,reported_steel_composition,Table3 p122; composition Table1 p119; PDP Sec1.3; pre-exposure Sec1.2,,rusted,NaHSO3,0.000274,A/cm2,PDP temperature unreported;45C applies to pre-exposure only; Table3 unit A/cm2 preserved; Cr/Ni/Cu/Mo unreported not0; reheating1135C not finalHT,,,,,0,,,not_reported,4.290459441148391,hot_rolled,,,,,,,,,industrial KR desulfurization;BOF;LF;RH;continuous casting;1135C reheat;rough/final rolling,potentiodynamic_Tafel,0.023,0.0022,0,0,0.0039,0.1,72,0.01 M NaHSO3,45,cyclic_immersion,60,12
Al10_26_0_pre120h,Al10_26,carbon steel,No.10_Al,0_pre120h,0.11,0.31,0.6,0.011,0.003,0.0016,,,,0,KR_BOF_LF_RH,none,,,continuous_casting,,,,,0.1 M NaHSO3,0,,,120,,0.00026,-3.5850266520291822,,,,10.13228/j.boyuan.issn1006-9356.20250594,,https://doi.org/10.13228/j.boyuan.issn1006-9356.20250594,,,reported_numeric,,0.5,,,,SCE,,,,,,True,reported_steel_composition,Table3 p122; composition Table1 p119; PDP Sec1.3; pre-exposure Sec1.2,,rusted,NaHSO3,0.00026,A/cm2,PDP temperature unreported;45C applies to pre-exposure only; Table3 unit A/cm2 preserved; Cr/Ni/Cu/Mo unreported not0; reheating1135C not finalHT,,,,,0,,,not_reported,4.795790545596741,hot_rolled,,,,,,,,,industrial KR desulfurization;BOF;LF;RH;continuous casting;1135C reheat;rough/final rolling,potentiodynamic_Tafel,0.023,0.0022,0,0,0.0039,0.1,120,0.01 M NaHSO3,45,cyclic_immersion,60,12
Al10_26_0_pre168h,Al10_26,carbon steel,No.10_Al,0_pre168h,0.11,0.31,0.6,0.011,0.003,0.0016,,,,0,KR_BOF_LF_RH,none,,,continuous_casting,,,,,0.1 M NaHSO3,0,,,168,,0.000146,-3.835647144215563,,,,10.13228/j.boyuan.issn1006-9356.20250594,,https://doi.org/10.13228/j.boyuan.issn1006-9356.20250594,,,reported_numeric,,0.5,,,,SCE,,,,,,True,reported_steel_composition,Table3 p122; composition Table1 p119; PDP Sec1.3; pre-exposure Sec1.2,,rusted,NaHSO3,0.000146,A/cm2,PDP temperature unreported;45C applies to pre-exposure only; Table3 unit A/cm2 preserved; Cr/Ni/Cu/Mo unreported not0; reheating1135C not finalHT,,,,,0,,,not_reported,5.1298987149230735,hot_rolled,,,,,,,,,industrial KR desulfurization;BOF;LF;RH;continuous casting;1135C reheat;rough/final rolling,potentiodynamic_Tafel,0.023,0.0022,0,0,0.0039,0.1,168,0.01 M NaHSO3,45,cyclic_immersion,60,12
Al10_26_0_pre216h,Al10_26,carbon steel,No.10_Al,0_pre216h,0.11,0.31,0.6,0.011,0.003,0.0016,,,,0,KR_BOF_LF_RH,none,,,continuous_casting,,,,,0.1 M NaHSO3,0,,,216,,0.000151,-3.8210230527068307,,,,10.13228/j.boyuan.issn1006-9356.20250594,,https://doi.org/10.13228/j.boyuan.issn1006-9356.20250594,,,reported_numeric,,0.5,,,,SCE,,,,,,True,reported_steel_composition,Table3 p122; composition Table1 p119; PDP Sec1.3; pre-exposure Sec1.2,,rusted,NaHSO3,0.000151,A/cm2,PDP temperature unreported;45C applies to pre-exposure only; Table3 unit A/cm2 preserved; Cr/Ni/Cu/Mo unreported not0; reheating1135C not finalHT,,,,,0,,,not_reported,5.37989735354046,hot_rolled,,,,,,,,,industrial KR desulfurization;BOF;LF;RH;continuous casting;1135C reheat;rough/final rolling,potentiodynamic_Tafel,0.023,0.0022,0,0,0.0039,0.1,216,0.01 M NaHSO3,45,cyclic_immersion,60,12
Al10_26_1_pre72h,Al10_26,carbon steel,No.10_Al,1_pre72h,0.12,0.3,0.6,0.01,0.0028,0.0016,,,,0.0017000000000000001,KR_BOF_LF_RH,La_Ce,,,continuous_casting,,,,,0.1 M NaHSO3,0,,,72,,0.000259,-3.586700235918748,,,,10.13228/j.boyuan.issn1006-9356.20250594,,https://doi.org/10.13228/j.boyuan.issn1006-9356.20250594,,,reported_numeric,,0.5,,,,SCE,,,,,,True,reported_steel_composition,Table3 p122; composition Table1 p119; PDP Sec1.3; pre-exposure Sec1.2,,rusted,NaHSO3,0.000259,A/cm2,PDP temperature unreported;45C applies to pre-exposure only; Table3 unit A/cm2 preserved; Cr/Ni/Cu/Mo unreported not0; reheating1135C not finalHT,,,,,0,,,not_reported,4.290459441148391,hot_rolled,,,,,,,,,industrial KR desulfurization;BOF;LF;RH;continuous casting;1135C reheat;rough/final rolling,potentiodynamic_Tafel,0.022,0.002,0.001,0.0007,0.0045,0.1,72,0.01 M NaHSO3,45,cyclic_immersion,60,12
Al10_26_1_pre120h,Al10_26,carbon steel,No.10_Al,1_pre120h,0.12,0.3,0.6,0.01,0.0028,0.0016,,,,0.0017000000000000001,KR_BOF_LF_RH,La_Ce,,,continuous_casting,,,,,0.1 M NaHSO3,0,,,120,,0.000136,-3.8664610916297826,,,,10.13228/j.boyuan.issn1006-9356.20250594,,https://doi.org/10.13228/j.boyuan.issn1006-9356.20250594,,,reported_numeric,,0.5,,,,SCE,,,,,,True,reported_steel_composition,Table3 p122; composition Table1 p119; PDP Sec1.3; pre-exposure Sec1.2,,rusted,NaHSO3,0.000136,A/cm2,PDP temperature unreported;45C applies to pre-exposure only; Table3 unit A/cm2 preserved; Cr/Ni/Cu/Mo unreported not0; reheating1135C not finalHT,,,,,0,,,not_reported,4.795790545596741,hot_rolled,,,,,,,,,industrial KR desulfurization;BOF;LF;RH;continuous casting;1135C reheat;rough/final rolling,potentiodynamic_Tafel,0.022,0.002,0.001,0.0007,0.0045,0.1,120,0.01 M NaHSO3,45,cyclic_immersion,60,12
Al10_26_1_pre168h,Al10_26,carbon steel,No.10_Al,1_pre168h,0.12,0.3,0.6,0.01,0.0028,0.0016,,,,0.0017000000000000001,KR_BOF_LF_RH,La_Ce,,,continuous_casting,,,,,0.1 M NaHSO3,0,,,168,,0.000124,-3.906578314837765,,,,10.13228/j.boyuan.issn1006-9356.20250594,,https://doi.org/10.13228/j.boyuan.issn1006-9356.20250594,,,reported_numeric,,0.5,,,,SCE,,,,,,True,reported_steel_composition,Table3 p122; composition Table1 p119; PDP Sec1.3; pre-exposure Sec1.2,,rusted,NaHSO3,0.000124,A/cm2,PDP temperature unreported;45C applies to pre-exposure only; Table3 unit A/cm2 preserved; Cr/Ni/Cu/Mo unreported not0; reheating1135C not finalHT,,,,,0,,,not_reported,5.1298987149230735,hot_rolled,,,,,,,,,industrial KR desulfurization;BOF;LF;RH;continuous casting;1135C reheat;rough/final rolling,potentiodynamic_Tafel,0.022,0.002,0.001,0.0007,0.0045,0.1,168,0.01 M NaHSO3,45,cyclic_immersion,60,12
Al10_26_1_pre216h,Al10_26,carbon steel,No.10_Al,1_pre216h,0.12,0.3,0.6,0.01,0.0028,0.0016,,,,0.0017000000000000001,KR_BOF_LF_RH,La_Ce,,,continuous_casting,,,,,0.1 M NaHSO3,0,,,216,,0.000107,-3.9706162223147903,,,,10.13228/j.boyuan.issn1006-9356.20250594,,https://doi.org/10.13228/j.boyuan.issn1006-9356.20250594,,,reported_numeric,,0.5,,,,SCE,,,,,,True,reported_steel_composition,Table3 p122; composition Table1 p119; PDP Sec1.3; pre-exposure Sec1.2,,rusted,NaHSO3,0.000107,A/cm2,PDP temperature unreported;45C applies to pre-exposure only; Table3 unit A/cm2 preserved; Cr/Ni/Cu/Mo unreported not0; reheating1135C not finalHT,,,,,0,,,not_reported,5.37989735354046,hot_rolled,,,,,,,,,industrial KR desulfurization;BOF;LF;RH;continuous casting;1135C reheat;rough/final rolling,potentiodynamic_Tafel,0.022,0.002,0.001,0.0007,0.0045,0.1,216,0.01 M NaHSO3,45,cyclic_immersion,60,12
Al10_26_2_pre72h,Al10_26,carbon steel,No.10_Al,2_pre72h,0.11,0.32,0.61,0.008,0.003,0.0012,,,,0.0023,KR_BOF_LF_RH,La_Ce,,,continuous_casting,,,,,0.1 M NaHSO3,0,,,72,,0.000119,-3.9244530386074694,,,,10.13228/j.boyuan.issn1006-9356.20250594,,https://doi.org/10.13228/j.boyuan.issn1006-9356.20250594,,,reported_numeric,,0.5,,,,SCE,,,,,,True,reported_steel_composition,Table3 p122; composition Table1 p119; PDP Sec1.3; pre-exposure Sec1.2,,rusted,NaHSO3,0.000119,A/cm2,PDP temperature unreported;45C applies to pre-exposure only; Table3 unit A/cm2 preserved; Cr/Ni/Cu/Mo unreported not0; reheating1135C not finalHT,,,,,0,,,not_reported,4.290459441148391,hot_rolled,,,,,,,,,industrial KR desulfurization;BOF;LF;RH;continuous casting;1135C reheat;rough/final rolling,potentiodynamic_Tafel,0.026,0.0018,0.0014,0.0009,0.0034,0.1,72,0.01 M NaHSO3,45,cyclic_immersion,60,12
Al10_26_2_pre120h,Al10_26,carbon steel,No.10_Al,2_pre120h,0.11,0.32,0.61,0.008,0.003,0.0012,,,,0.0023,KR_BOF_LF_RH,La_Ce,,,continuous_casting,,,,,0.1 M NaHSO3,0,,,120,,0.000111,-3.9546770212133424,,,,10.13228/j.boyuan.issn1006-9356.20250594,,https://doi.org/10.13228/j.boyuan.issn1006-9356.20250594,,,reported_numeric,,0.5,,,,SCE,,,,,,True,reported_steel_composition,Table3 p122; composition Table1 p119; PDP Sec1.3; pre-exposure Sec1.2,,rusted,NaHSO3,0.000111,A/cm2,PDP temperature unreported;45C applies to pre-exposure only; Table3 unit A/cm2 preserved; Cr/Ni/Cu/Mo unreported not0; reheating1135C not finalHT,,,,,0,,,not_reported,4.795790545596741,hot_rolled,,,,,,,,,industrial KR desulfurization;BOF;LF;RH;continuous casting;1135C reheat;rough/final rolling,potentiodynamic_Tafel,0.026,0.0018,0.0014,0.0009,0.0034,0.1,120,0.01 M NaHSO3,45,cyclic_immersion,60,12
Al10_26_2_pre168h,Al10_26,carbon steel,No.10_Al,2_pre168h,0.11,0.32,0.61,0.008,0.003,0.0012,,,,0.0023,KR_BOF_LF_RH,La_Ce,,,continuous_casting,,,,,0.1 M NaHSO3,0,,,168,,0.000108,-3.96657624451305,,,,10.13228/j.boyuan.issn1006-9356.20250594,,https://doi.org/10.13228/j.boyuan.issn1006-9356.20250594,,,reported_numeric,,0.5,,,,SCE,,,,,,True,reported_steel_composition,Table3 p122; composition Table1 p119; PDP Sec1.3; pre-exposure Sec1.2,,rusted,NaHSO3,0.000108,A/cm2,PDP temperature unreported;45C applies to pre-exposure only; Table3 unit A/cm2 preserved; Cr/Ni/Cu/Mo unreported not0; reheating1135C not finalHT,,,,,0,,,not_reported,5.1298987149230735,hot_rolled,,,,,,,,,industrial KR desulfurization;BOF;LF;RH;continuous casting;1135C reheat;rough/final rolling,potentiodynamic_Tafel,0.026,0.0018,0.0014,0.0009,0.0034,0.1,168,0.01 M NaHSO3,45,cyclic_immersion,60,12
Al10_26_2_pre216h,Al10_26,carbon steel,No.10_Al,2_pre216h,0.11,0.32,0.61,0.008,0.003,0.0012,,,,0.0023,KR_BOF_LF_RH,La_Ce,,,continuous_casting,,,,,0.1 M NaHSO3,0,,,216,,4.1e-05,-4.3872161432802645,,,,10.13228/j.boyuan.issn1006-9356.20250594,,https://doi.org/10.13228/j.boyuan.issn1006-9356.20250594,,,reported_numeric,,0.5,,,,SCE,,,,,,True,reported_steel_composition,Table3 p122; composition Table1 p119; PDP Sec1.3; pre-exposure Sec1.2,,rusted,NaHSO3,4.1e-05,A/cm2,PDP temperature unreported;45C applies to pre-exposure only; Table3 unit A/cm2 preserved; Cr/Ni/Cu/Mo unreported not0; reheating1135C not finalHT,,,,,0,,,not_reported,5.37989735354046,hot_rolled,,,,,,,,,industrial KR desulfurization;BOF;LF;RH;continuous casting;1135C reheat;rough/final rolling,potentiodynamic_Tafel,0.026,0.0018,0.0014,0.0009,0.0034,0.1,216,0.01 M NaHSO3,45,cyclic_immersion,60,12
La24Q355_verified_0,La24Q355,low-alloy steel,Q355,0,0.16,0.29,1.24,0.012,0.012,0.0007,,,,0,vacuum_induction,none,,,ingot_casting,,,water_then_coiling_550C,,0.01 M NaHSO3 without addedLaCl3,0,,,,,0.000404,-3.393618634889395,,,,10.3390/ma17184467,,https://doi.org/10.3390/ma17184467,,,reported_numeric,,0.5,,,,SCE,,,,,,True,reported_steel_composition,Table2 p12; Table1 p2; Sec2.1/2.4 and3.6,,not_reported,NaHSO3,0.000404,A/cm2,Exact Table2 target replaces old estimates; PDP surface/pre-exposure mapping ambiguous;72h belongs to separate cyclic test and not assigned toPDP; roomtemperature not25C; reheating1200C/coiling550C not finalHT,,,,,0,,,not_reported,,hot_rolled,,,,,,,room_temperature,1800,VIM50kg;cast;forge;1200C60min reheat;6rolling passes;finish860C;watercool;coil550C,potentiodynamic_Tafel,,,0,0,,0.01,,,,,,
La24Q355_verified_1,La24Q355,low-alloy steel,Q355,1,0.16,0.28,1.36,0.0068,0.002,0.0028,,,,0.0067,vacuum_induction,La,,,ingot_casting,,,water_then_coiling_550C,,0.01 M NaHSO3 without addedLaCl3,0,,,,,2.52e-05,-4.598599459218456,,,,10.3390/ma17184467,,https://doi.org/10.3390/ma17184467,,,reported_numeric,,0.5,,,,SCE,,,,,,True,reported_steel_composition,Table2 p12; Table1 p2; Sec2.1/2.4 and3.6,,not_reported,NaHSO3,2.52e-05,A/cm2,Exact Table2 target replaces old estimates; PDP surface/pre-exposure mapping ambiguous;72h belongs to separate cyclic test and not assigned toPDP; roomtemperature not25C; reheating1200C/coiling550C not finalHT,,,,,0,,,not_reported,,hot_rolled,,,,,,,room_temperature,1800,VIM50kg;cast;forge;1200C60min reheat;6rolling passes;finish860C;watercool;coil550C,potentiodynamic_Tafel,,,0.0067,0,,0.01,,,,,,
La24Q355_verified_2,La24Q355,low-alloy steel,Q355,2,0.16,0.28,1.33,0.007,0.0081,0.0017,,,,0.011,vacuum_induction,La,,,ingot_casting,,,water_then_coiling_550C,,0.01 M NaHSO3 without addedLaCl3,0,,,,,1.91e-05,-4.718966632752273,,,,10.3390/ma17184467,,https://doi.org/10.3390/ma17184467,,,reported_numeric,,0.5,,,,SCE,,,,,,True,reported_steel_composition,Table2 p12; Table1 p2; Sec2.1/2.4 and3.6,,not_reported,NaHSO3,1.91e-05,A/cm2,Exact Table2 target replaces old estimates; PDP surface/pre-exposure mapping ambiguous;72h belongs to separate cyclic test and not assigned toPDP; roomtemperature not25C; reheating1200C/coiling550C not finalHT,,,,,0,,,not_reported,,hot_rolled,,,,,,,room_temperature,1800,VIM50kg;cast;forge;1200C60min reheat;6rolling passes;finish860C;watercool;coil550C,potentiodynamic_Tafel,,,0.011,0,,0.01,,,,,,
La24Q355_verified_3,La24Q355,low-alloy steel,Q355,3,0.16,0.28,1.33,0.0066,0.0032,0.0026,,,,0.023,vacuum_induction,La,,,ingot_casting,,,water_then_coiling_550C,,0.01 M NaHSO3 without addedLaCl3,0,,,,,1.15e-05,-4.939302159646388,,,,10.3390/ma17184467,,https://doi.org/10.3390/ma17184467,,,reported_numeric,,0.5,,,,SCE,,,,,,True,reported_steel_composition,Table2 p12; Table1 p2; Sec2.1/2.4 and3.6,,not_reported,NaHSO3,1.15e-05,A/cm2,Exact Table2 target replaces old estimates; PDP surface/pre-exposure mapping ambiguous;72h belongs to separate cyclic test and not assigned toPDP; roomtemperature not25C; reheating1200C/coiling550C not finalHT,,,,,0,,,not_reported,,hot_rolled,,,,,,,room_temperature,1800,VIM50kg;cast;forge;1200C60min reheat;6rolling passes;finish860C;watercool;coil550C,potentiodynamic_Tafel,,,0.023,0,,0.01,,,,,,
La24Q355_verified_4,La24Q355,low-alloy steel,Q355,4,0.16,0.28,1.34,0.0069,0.0076,0.001,,,,0.031,vacuum_induction,La,,,ingot_casting,,,water_then_coiling_550C,,0.01 M NaHSO3 without addedLaCl3,0,,,,,6.65e-06,-5.1771783546968955,,,,10.3390/ma17184467,,https://doi.org/10.3390/ma17184467,,,reported_numeric,,0.5,,,,SCE,,,,,,True,reported_steel_composition,Table2 p12; Table1 p2; Sec2.1/2.4 and3.6,,not_reported,NaHSO3,6.65e-06,A/cm2,Exact Table2 target replaces old estimates; PDP surface/pre-exposure mapping ambiguous;72h belongs to separate cyclic test and not assigned toPDP; roomtemperature not25C; reheating1200C/coiling550C not finalHT,,,,,0,,,not_reported,,hot_rolled,,,,,,,room_temperature,1800,VIM50kg;cast;forge;1200C60min reheat;6rolling passes;finish860C;watercool;coil550C,potentiodynamic_Tafel,,,0.031,0,,0.01,,,,,,
