record_id,reference_id,doi,sample_id,material_class,C_wt_pct,Si_wt_pct,Mn_wt_pct,Cr_wt_pct,Ni_wt_pct,Mo_wt_pct,Cu_wt_pct,RE_wt_pct,RE_element_cat,composition_basis,processing_state_cat,surface_state_cat,electrolyte_family,NaCl_wt_pct,Cl_mol_L,H2SO4_mol_L,NaHSO3_mol_L,temperature_C,pre_exposure_h,gas_condition_cat,TP_scan_rate_mV_s,raw_icorr_value,raw_icorr_unit,icorr_A_cm2,target_locator,quality_flags
RECORR_000001,Tang2019,10.3390/ma12203359,Tang2019_Normal,low alloy steel,,,,,,,,0.0,none,control_composition_unreported,,polished,NaCl,3.5,0.598,0,,25.0,,not_reported,0.333,5.31e-05,A/cm2,5.31e-05,Table 2; composition Table 1; methods 2.2.1,Al vs Ti/Zr 탈산법 동시 변화; RE 인과효과로 해석 금지
RECORR_000002,Tang2019,10.3390/ma12203359,Tang2019_AlRE,low alloy steel,0.053,0.23,0.13,1.21,0.31,,0.39,0.005,La+Ce,reported_sample,,polished,NaCl,3.5,0.598,0,,25.0,,not_reported,0.333,4.6e-05,A/cm2,4.6e-05,Table 2; composition Table 1; methods 2.2.1,Al vs Ti/Zr 탈산법 동시 변화; RE 인과효과로 해석 금지
RECORR_000003,Tang2019,10.3390/ma12203359,Tang2019_TiZrRE,low alloy steel,0.05,0.22,0.13,1.22,0.33,,0.43,0.005,La+Ce,reported_sample,,polished,NaCl,3.5,0.598,0,,25.0,,not_reported,0.333,2.93e-05,A/cm2,2.93e-05,Table 2; composition Table 1; methods 2.2.1,Al vs Ti/Zr 탈산법 동시 변화; RE 인과효과로 해석 금지
RECORR_000004,MDPI26LaCe,10.3390/ma19122685,2685_0RE,low alloy steel,0.05,0.5,1.5,2.0,1.0,0.25,0.5,0.0,none,reported_sample,,polished,NaCl_CaCl2_Na2SO4,0.1,,0,,,,not_reported,0.333,1.893e-06,A/cm2,1.893e-06,Table 2; Table 1; methods 2.3,Sb 동시 변화; Ecorr 원문 mV/수치 불일치
RECORR_000005,MDPI26LaCe,10.3390/ma19122685,2685_003LaCe,low alloy steel,0.05,0.5,1.5,2.0,1.0,0.25,0.5,0.036,La+Ce,reported_sample,,polished,NaCl_CaCl2_Na2SO4,0.1,,0,,,,not_reported,0.333,1.829e-06,A/cm2,1.829e-06,Table 2; Table 1; methods 2.3,Sb 동시 변화; Ecorr 원문 mV/수치 불일치
RECORR_000006,MDPI26LaCe,10.3390/ma19122685,2685_03LaCe,low alloy steel,0.05,0.5,1.5,2.0,1.0,0.25,0.5,0.33,La+Ce,reported_sample,,polished,NaCl_CaCl2_Na2SO4,0.1,,0,,,,not_reported,0.333,1.29e-06,A/cm2,1.29e-06,Table 2; Table 1; methods 2.3,Sb 동시 변화; Ecorr 원문 mV/수치 불일치
RECORR_000007,Zhang2025,10.3390/ma18010069,316L_no1,austenitic stainless steel,0.015,0.965,1.92,18.62,13.55,2.0,0.352,0.0,none,reported_sample,solution_treated,polished,NaCl,3.5,0.598,0,,,,not_reported,0.167,3.07e-06,A/cm2,3.07e-06,원문 composition/polarization tables; electrochemical methods,용체화1050°C; 별도 FeCl3 시험조건은 PDP에 넣지 않음
RECORR_000008,Zhang2025,10.3390/ma18010069,316L_no2,austenitic stainless steel,0.013,0.962,1.92,18.71,13.57,2.05,0.351,0.0023,Ce,reported_sample,solution_treated,polished,NaCl,3.5,0.598,0,,,,not_reported,0.167,2.13e-06,A/cm2,2.13e-06,원문 composition/polarization tables; electrochemical methods,용체화1050°C; 별도 FeCl3 시험조건은 PDP에 넣지 않음
RECORR_000009,Zhang2025,10.3390/ma18010069,316L_no3,austenitic stainless steel,0.016,0.961,1.89,18.69,13.5,2.06,0.354,0.0082,Ce,reported_sample,solution_treated,polished,NaCl,3.5,0.598,0,,,,not_reported,0.167,1.71e-06,A/cm2,1.71e-06,원문 composition/polarization tables; electrochemical methods,용체화1050°C; 별도 FeCl3 시험조건은 PDP에 넣지 않음
RECORR_000010,Coat24,10.3390/coatings14040413,EH36_0,low alloy steel,0.1118,0.1994,1.5595,,,,,0.0,none,reported_sample,,rusted,NaCl,3.5,0.598,0,,25.0,,not_reported,2.0,0.000182,A/cm2,0.000182,Abstract; section 3.4; Tables 1–2,PDP ±5mV 범위 원문 기재; Ce 초록/Table2 불일치; Table2 사용
RECORR_000011,Coat24,10.3390/coatings14040413,EH36_1La,low alloy steel,,,,,,,,0.0031,La,RE_measured_other_composition_unreported,,rusted,NaCl,3.5,0.598,0,,25.0,,not_reported,2.0,6.59e-05,A/cm2,6.59e-05,Abstract; section 3.4; Tables 1–2,PDP ±5mV 범위 원문 기재; Ce 초록/Table2 불일치; Table2 사용
RECORR_000012,Coat24,10.3390/coatings14040413,EH36_2Ce,low alloy steel,,,,,,,,0.0024,Ce,RE_measured_other_composition_unreported,,rusted,NaCl,3.5,0.598,0,,25.0,,not_reported,2.0,7.57e-05,A/cm2,7.57e-05,Abstract; section 3.4; Tables 1–2,PDP ±5mV 범위 원문 기재; Ce 초록/Table2 불일치; Table2 사용
RECORR_000013,Coat24,10.3390/coatings14040413,EH36_3Pr,low alloy steel,,,,,,,,0.0001,Pr,RE_measured_other_composition_unreported,,rusted,NaCl,3.5,0.598,0,,25.0,,not_reported,2.0,9.53e-05,A/cm2,9.53e-05,Abstract; section 3.4; Tables 1–2,PDP ±5mV 범위 원문 기재; Ce 초록/Table2 불일치; Table2 사용
NEW_Ma19FSS_FSS1,Ma19FSS,10.20964/2019.03.31,FSS1,ferritic stainless steel,0.006,0.54,0.33,19.7,,2.09,,0.0,none,reported_sample,annealed,polished,H2SO4_NaCl,,0.5,1,,25.0,,not_reported,0.5,317.0,uA/cm2,0.000317,"Table1; Table2 last icorr column, PDF p4",W 동시 첨가; Ecorr 부호/단위 모호하므로 Ecorr 미사용
NEW_Ma19FSS_FSS2,Ma19FSS,10.20964/2019.03.31,FSS2,ferritic stainless steel,0.009,0.52,0.32,19.5,,1.97,,0.048,Ce,reported_sample,annealed,polished,H2SO4_NaCl,,0.5,1,,25.0,,not_reported,0.5,250.0,uA/cm2,0.00025,"Table1; Table2 last icorr column, PDF p4",W 동시 첨가; Ecorr 부호/단위 모호하므로 Ecorr 미사용
NEW_Ma19FSS_FSS3,Ma19FSS,10.20964/2019.03.31,FSS3,ferritic stainless steel,0.007,0.5,0.32,19.1,,1.95,,0.056,Ce,reported_sample,annealed,polished,H2SO4_NaCl,,0.5,1,,25.0,,not_reported,0.5,235.0,uA/cm2,0.000235,"Table1; Table2 last icorr column, PDF p4",W 동시 첨가; Ecorr 부호/단위 모호하므로 Ecorr 미사용
NEW_Ma19FSS_FSS4,Ma19FSS,10.20964/2019.03.31,FSS4,ferritic stainless steel,0.01,0.53,0.35,19.9,,2.03,,0.053,Ce,reported_sample,annealed,polished,H2SO4_NaCl,,0.5,1,,25.0,,not_reported,0.5,172.0,uA/cm2,0.0001719999999999,"Table1; Table2 last icorr column, PDF p4",W 동시 첨가; Ecorr 부호/단위 모호하므로 Ecorr 미사용
NEW_Bridge25_1,Bridge25,10.3390/met15010085,1,low alloy steel,0.08,0.24,1.2,0.536,0.378,,0.405,0.0,none,reported_sample,,rusted,NaCl,3.5,,0,,,,not_reported,,477.0,uA/cm2,0.000477,Table1 and Table7; section3.4.1,시험온도 수치 미기재: 염수분무25°C를 PDP 온도로 대체하지 않음; 3.5%NaCl 맥락 연결
NEW_Bridge25_2,Bridge25,10.3390/met15010085,2,low alloy steel,0.08,0.24,1.21,0.584,0.343,,0.456,0.0006,Ce,reported_sample,,rusted,NaCl,3.5,,0,,,,not_reported,,330.0,uA/cm2,0.00033,Table1 and Table7; section3.4.1,시험온도 수치 미기재: 염수분무25°C를 PDP 온도로 대체하지 않음; 3.5%NaCl 맥락 연결
NEW_Bridge25_3,Bridge25,10.3390/met15010085,3,low alloy steel,0.07,0.25,1.19,0.548,0.379,,0.415,0.001,Ce,reported_sample,,rusted,NaCl,3.5,,0,,,,not_reported,,319.0,uA/cm2,0.000319,Table1 and Table7; section3.4.1,시험온도 수치 미기재: 염수분무25°C를 PDP 온도로 대체하지 않음; 3.5%NaCl 맥락 연결
NEW_UCS23_UCS-Q235BRE(C),UCS23,10.3390/met13010066,UCS-Q235BRE(C),low alloy steel,0.023,0.15,0.4,0.032,0.028,,0.087,0.004,La+Ce,reported_sample,,polished,NaCl,3.5,,0,,20.0,,N2_deaerated,1.0,2.02,mA/cm2,0.00202,"Tables1,5; electrochemical method20°C",La .0015+Ce .0025; C/R 공정·비RE 조성 교란; 원문 mA 단위 명시
NEW_UCS23_UCS-Q235BRE(R),UCS23,10.3390/met13010066,UCS-Q235BRE(R),low alloy steel,0.023,0.15,0.4,0.032,0.028,,0.087,0.004,La+Ce,reported_sample,,polished,NaCl,3.5,,0,,20.0,,N2_deaerated,1.0,1.35,mA/cm2,0.00135,"Tables1,5; electrochemical method20°C",La .0015+Ce .0025; C/R 공정·비RE 조성 교란; 원문 mA 단위 명시
NEW_UCS23_UCS-Q235B(R),UCS23,10.3390/met13010066,UCS-Q235B(R),low alloy steel,0.023,0.17,0.58,0.023,0.031,,0.076,0.0,none,reported_sample,,polished,NaCl,3.5,,0,,20.0,,N2_deaerated,1.0,3.84,mA/cm2,0.00384,"Tables1,5; electrochemical method20°C",La .0015+Ce .0025; C/R 공정·비RE 조성 교란; 원문 mA 단위 명시
NEW_UCS23_UCS-SPA-H(R),UCS23,10.3390/met13010066,UCS-SPA-H(R),low alloy steel,0.02,0.24,0.76,0.37,0.042,,0.28,0.0,none,reported_sample,,polished,NaCl,3.5,,0,,20.0,,N2_deaerated,1.0,4.41,mA/cm2,0.00441,"Tables1,5; electrochemical method20°C",La .0015+Ce .0025; C/R 공정·비RE 조성 교란; 원문 mA 단위 명시
GCr23_hot_rolled_0,GCr23,10.1016/j.corcom.2022.06.004,GCr15_hot_rolled,bearing_steel,0.95,0.178,0.285,1.5,,,,0.0,none,Table1 measured steel composition; untreated steel explicitly no RE,hot_rolled,polished,NaCl,,0.1,0,,,,not_reported,,4.2,uA/cm2,4.2e-06,Table4: electrochemical parameters; preparation Section2.1; electrochemical Section2.4,room temperature not converted to25C; rolling temperature/melting route unreported; full anneal + quench-temper sequence retained
GCr23_hot_rolled_1,GCr23,10.1016/j.corcom.2022.06.004,R-GCr15_hot_rolled,bearing_steel,0.91,0.174,0.282,1.49,,,,0.003,La_Ce,Table1 measured steel composition; untreated steel explicitly no RE,hot_rolled,polished,NaCl,,0.1,0,,,,not_reported,,3.17,uA/cm2,3.17e-06,Table4: electrochemical parameters; preparation Section2.1; electrochemical Section2.4,room temperature not converted to25C; rolling temperature/melting route unreported; full anneal + quench-temper sequence retained
GCr23_annealed_0,GCr23,10.1016/j.corcom.2022.06.004,GCr15_annealed,bearing_steel,0.95,0.178,0.285,1.5,,,,0.0,none,Table1 measured steel composition; untreated steel explicitly no RE,annealed,polished,NaCl,,0.1,0,,,,not_reported,,3.24,uA/cm2,3.24e-06,Table4: electrochemical parameters; preparation Section2.1; electrochemical Section2.4,room temperature not converted to25C; rolling temperature/melting route unreported; full anneal + quench-temper sequence retained
GCr23_annealed_1,GCr23,10.1016/j.corcom.2022.06.004,R-GCr15_annealed,bearing_steel,0.91,0.174,0.282,1.49,,,,0.003,La_Ce,Table1 measured steel composition; untreated steel explicitly no RE,annealed,polished,NaCl,,0.1,0,,,,not_reported,,2.08,uA/cm2,2.08e-06,Table4: electrochemical parameters; preparation Section2.1; electrochemical Section2.4,room temperature not converted to25C; rolling temperature/melting route unreported; full anneal + quench-temper sequence retained
GCr23_quenched_tempered_0,GCr23,10.1016/j.corcom.2022.06.004,GCr15_quenched_tempered,bearing_steel,0.95,0.178,0.285,1.5,,,,0.0,none,Table1 measured steel composition; untreated steel explicitly no RE,quenched_tempered,polished,NaCl,,0.1,0,,,,not_reported,,6.82,uA/cm2,6.82e-06,Table4: electrochemical parameters; preparation Section2.1; electrochemical Section2.4,room temperature not converted to25C; rolling temperature/melting route unreported; full anneal + quench-temper sequence retained
GCr23_quenched_tempered_1,GCr23,10.1016/j.corcom.2022.06.004,R-GCr15_quenched_tempered,bearing_steel,0.91,0.174,0.282,1.49,,,,0.003,La_Ce,Table1 measured steel composition; untreated steel explicitly no RE,quenched_tempered,polished,NaCl,,0.1,0,,,,not_reported,,5.35,uA/cm2,5.35e-06,Table4: electrochemical parameters; preparation Section2.1; electrochemical Section2.4,room temperature not converted to25C; rolling temperature/melting route unreported; full anneal + quench-temper sequence retained
CC25_verified_1,CC25,10.1007/s42243-025-01553-x,CC-1,austenitic stainless steel,,,,,,,,0.0,none,Measured CC RE content 0/25.67/77.40/142.22 x10^-6 mass fraction; multiply100 for wt%; do not substitute earlier LF Table2 composition,as_continuously_cast,not_reported,NaCl,3.5,,0,,,,not_reported,0.2,7.253,uA/cm2,7.253e-06,Table4; actual CC RE mass fractions Sec3.1.2 Fig6/8 text; test Sec2 andFig10,CC nonRE quantitative composition not separately reported; room temperature not converted to25C; sample surface preparation unclear
CC25_verified_2,CC25,10.1007/s42243-025-01553-x,CC-2,austenitic stainless steel,,,,,,,,0.002567,La_Ce,Measured CC RE content 0/25.67/77.40/142.22 x10^-6 mass fraction; multiply100 for wt%; do not substitute earlier LF Table2 composition,as_continuously_cast,not_reported,NaCl,3.5,,0,,,,not_reported,0.2,6.593,uA/cm2,6.592999999999999e-06,Table4; actual CC RE mass fractions Sec3.1.2 Fig6/8 text; test Sec2 andFig10,CC nonRE quantitative composition not separately reported; room temperature not converted to25C; sample surface preparation unclear
CC25_verified_3,CC25,10.1007/s42243-025-01553-x,CC-3,austenitic stainless steel,,,,,,,,0.00774,La_Ce,Measured CC RE content 0/25.67/77.40/142.22 x10^-6 mass fraction; multiply100 for wt%; do not substitute earlier LF Table2 composition,as_continuously_cast,not_reported,NaCl,3.5,,0,,,,not_reported,0.2,5.439,uA/cm2,5.439e-06,Table4; actual CC RE mass fractions Sec3.1.2 Fig6/8 text; test Sec2 andFig10,CC nonRE quantitative composition not separately reported; room temperature not converted to25C; sample surface preparation unclear
CC25_verified_4,CC25,10.1007/s42243-025-01553-x,CC-4,austenitic stainless steel,,,,,,,,0.014222,La_Ce,Measured CC RE content 0/25.67/77.40/142.22 x10^-6 mass fraction; multiply100 for wt%; do not substitute earlier LF Table2 composition,as_continuously_cast,not_reported,NaCl,3.5,,0,,,,not_reported,0.2,3.412,uA/cm2,3.412e-06,Table4; actual CC RE mass fractions Sec3.1.2 Fig6/8 text; test Sec2 andFig10,CC nonRE quantitative composition not separately reported; room temperature not converted to25C; sample surface preparation unclear
Al10_26_0_pre72h,Al10_26,10.13228/j.boyuan.issn1006-9356.20250594,0_pre72h,carbon steel,0.11,0.31,0.6,,,,,0.0,none,reported_steel_composition,hot_rolled,rusted,NaHSO3,,0.0,0,0.1,,72.0,not_reported,0.5,0.000274,A/cm2,0.000274,Table3 p122; composition Table1 p119; PDP Sec1.3; pre-exposure Sec1.2,PDP temperature unreported;45C applies to pre-exposure only; Table3 unit A/cm2 preserved; Cr/Ni/Cu/Mo unreported not0; reheating1135C not finalHT
Al10_26_0_pre120h,Al10_26,10.13228/j.boyuan.issn1006-9356.20250594,0_pre120h,carbon steel,0.11,0.31,0.6,,,,,0.0,none,reported_steel_composition,hot_rolled,rusted,NaHSO3,,0.0,0,0.1,,120.0,not_reported,0.5,0.00026,A/cm2,0.00026,Table3 p122; composition Table1 p119; PDP Sec1.3; pre-exposure Sec1.2,PDP temperature unreported;45C applies to pre-exposure only; Table3 unit A/cm2 preserved; Cr/Ni/Cu/Mo unreported not0; reheating1135C not finalHT
Al10_26_0_pre168h,Al10_26,10.13228/j.boyuan.issn1006-9356.20250594,0_pre168h,carbon steel,0.11,0.31,0.6,,,,,0.0,none,reported_steel_composition,hot_rolled,rusted,NaHSO3,,0.0,0,0.1,,168.0,not_reported,0.5,0.000146,A/cm2,0.000146,Table3 p122; composition Table1 p119; PDP Sec1.3; pre-exposure Sec1.2,PDP temperature unreported;45C applies to pre-exposure only; Table3 unit A/cm2 preserved; Cr/Ni/Cu/Mo unreported not0; reheating1135C not finalHT
Al10_26_0_pre216h,Al10_26,10.13228/j.boyuan.issn1006-9356.20250594,0_pre216h,carbon steel,0.11,0.31,0.6,,,,,0.0,none,reported_steel_composition,hot_rolled,rusted,NaHSO3,,0.0,0,0.1,,216.0,not_reported,0.5,0.000151,A/cm2,0.000151,Table3 p122; composition Table1 p119; PDP Sec1.3; pre-exposure Sec1.2,PDP temperature unreported;45C applies to pre-exposure only; Table3 unit A/cm2 preserved; Cr/Ni/Cu/Mo unreported not0; reheating1135C not finalHT
Al10_26_1_pre72h,Al10_26,10.13228/j.boyuan.issn1006-9356.20250594,1_pre72h,carbon steel,0.12,0.3,0.6,,,,,0.0017,La_Ce,reported_steel_composition,hot_rolled,rusted,NaHSO3,,0.0,0,0.1,,72.0,not_reported,0.5,0.000259,A/cm2,0.000259,Table3 p122; composition Table1 p119; PDP Sec1.3; pre-exposure Sec1.2,PDP temperature unreported;45C applies to pre-exposure only; Table3 unit A/cm2 preserved; Cr/Ni/Cu/Mo unreported not0; reheating1135C not finalHT
Al10_26_1_pre120h,Al10_26,10.13228/j.boyuan.issn1006-9356.20250594,1_pre120h,carbon steel,0.12,0.3,0.6,,,,,0.0017,La_Ce,reported_steel_composition,hot_rolled,rusted,NaHSO3,,0.0,0,0.1,,120.0,not_reported,0.5,0.000136,A/cm2,0.000136,Table3 p122; composition Table1 p119; PDP Sec1.3; pre-exposure Sec1.2,PDP temperature unreported;45C applies to pre-exposure only; Table3 unit A/cm2 preserved; Cr/Ni/Cu/Mo unreported not0; reheating1135C not finalHT
Al10_26_1_pre168h,Al10_26,10.13228/j.boyuan.issn1006-9356.20250594,1_pre168h,carbon steel,0.12,0.3,0.6,,,,,0.0017,La_Ce,reported_steel_composition,hot_rolled,rusted,NaHSO3,,0.0,0,0.1,,168.0,not_reported,0.5,0.000124,A/cm2,0.000124,Table3 p122; composition Table1 p119; PDP Sec1.3; pre-exposure Sec1.2,PDP temperature unreported;45C applies to pre-exposure only; Table3 unit A/cm2 preserved; Cr/Ni/Cu/Mo unreported not0; reheating1135C not finalHT
Al10_26_1_pre216h,Al10_26,10.13228/j.boyuan.issn1006-9356.20250594,1_pre216h,carbon steel,0.12,0.3,0.6,,,,,0.0017,La_Ce,reported_steel_composition,hot_rolled,rusted,NaHSO3,,0.0,0,0.1,,216.0,not_reported,0.5,0.000107,A/cm2,0.000107,Table3 p122; composition Table1 p119; PDP Sec1.3; pre-exposure Sec1.2,PDP temperature unreported;45C applies to pre-exposure only; Table3 unit A/cm2 preserved; Cr/Ni/Cu/Mo unreported not0; reheating1135C not finalHT
Al10_26_2_pre72h,Al10_26,10.13228/j.boyuan.issn1006-9356.20250594,2_pre72h,carbon steel,0.11,0.32,0.61,,,,,0.0023,La_Ce,reported_steel_composition,hot_rolled,rusted,NaHSO3,,0.0,0,0.1,,72.0,not_reported,0.5,0.000119,A/cm2,0.000119,Table3 p122; composition Table1 p119; PDP Sec1.3; pre-exposure Sec1.2,PDP temperature unreported;45C applies to pre-exposure only; Table3 unit A/cm2 preserved; Cr/Ni/Cu/Mo unreported not0; reheating1135C not finalHT
Al10_26_2_pre120h,Al10_26,10.13228/j.boyuan.issn1006-9356.20250594,2_pre120h,carbon steel,0.11,0.32,0.61,,,,,0.0023,La_Ce,reported_steel_composition,hot_rolled,rusted,NaHSO3,,0.0,0,0.1,,120.0,not_reported,0.5,0.000111,A/cm2,0.000111,Table3 p122; composition Table1 p119; PDP Sec1.3; pre-exposure Sec1.2,PDP temperature unreported;45C applies to pre-exposure only; Table3 unit A/cm2 preserved; Cr/Ni/Cu/Mo unreported not0; reheating1135C not finalHT
Al10_26_2_pre168h,Al10_26,10.13228/j.boyuan.issn1006-9356.20250594,2_pre168h,carbon steel,0.11,0.32,0.61,,,,,0.0023,La_Ce,reported_steel_composition,hot_rolled,rusted,NaHSO3,,0.0,0,0.1,,168.0,not_reported,0.5,0.000108,A/cm2,0.000108,Table3 p122; composition Table1 p119; PDP Sec1.3; pre-exposure Sec1.2,PDP temperature unreported;45C applies to pre-exposure only; Table3 unit A/cm2 preserved; Cr/Ni/Cu/Mo unreported not0; reheating1135C not finalHT
Al10_26_2_pre216h,Al10_26,10.13228/j.boyuan.issn1006-9356.20250594,2_pre216h,carbon steel,0.11,0.32,0.61,,,,,0.0023,La_Ce,reported_steel_composition,hot_rolled,rusted,NaHSO3,,0.0,0,0.1,,216.0,not_reported,0.5,4.1e-05,A/cm2,4.1e-05,Table3 p122; composition Table1 p119; PDP Sec1.3; pre-exposure Sec1.2,PDP temperature unreported;45C applies to pre-exposure only; Table3 unit A/cm2 preserved; Cr/Ni/Cu/Mo unreported not0; reheating1135C not finalHT
La24Q355_verified_0,La24Q355,10.3390/ma17184467,0,low-alloy steel,0.16,0.29,1.24,,,,,0.0,none,reported_steel_composition,hot_rolled,not_reported,NaHSO3,,0.0,0,0.01,,,not_reported,0.5,0.000404,A/cm2,0.000404,Table2 p12; Table1 p2; Sec2.1/2.4 and3.6,Exact Table2 target replaces old estimates; PDP surface/pre-exposure mapping ambiguous;72h belongs to separate cyclic test and not assigned toPDP; roomtemperature not25C; reheating1200C/coiling550C not finalHT
La24Q355_verified_1,La24Q355,10.3390/ma17184467,1,low-alloy steel,0.16,0.28,1.36,,,,,0.0067,La,reported_steel_composition,hot_rolled,not_reported,NaHSO3,,0.0,0,0.01,,,not_reported,0.5,2.52e-05,A/cm2,2.52e-05,Table2 p12; Table1 p2; Sec2.1/2.4 and3.6,Exact Table2 target replaces old estimates; PDP surface/pre-exposure mapping ambiguous;72h belongs to separate cyclic test and not assigned toPDP; roomtemperature not25C; reheating1200C/coiling550C not finalHT
La24Q355_verified_2,La24Q355,10.3390/ma17184467,2,low-alloy steel,0.16,0.28,1.33,,,,,0.011,La,reported_steel_composition,hot_rolled,not_reported,NaHSO3,,0.0,0,0.01,,,not_reported,0.5,1.91e-05,A/cm2,1.91e-05,Table2 p12; Table1 p2; Sec2.1/2.4 and3.6,Exact Table2 target replaces old estimates; PDP surface/pre-exposure mapping ambiguous;72h belongs to separate cyclic test and not assigned toPDP; roomtemperature not25C; reheating1200C/coiling550C not finalHT
La24Q355_verified_3,La24Q355,10.3390/ma17184467,3,low-alloy steel,0.16,0.28,1.33,,,,,0.023,La,reported_steel_composition,hot_rolled,not_reported,NaHSO3,,0.0,0,0.01,,,not_reported,0.5,1.15e-05,A/cm2,1.15e-05,Table2 p12; Table1 p2; Sec2.1/2.4 and3.6,Exact Table2 target replaces old estimates; PDP surface/pre-exposure mapping ambiguous;72h belongs to separate cyclic test and not assigned toPDP; roomtemperature not25C; reheating1200C/coiling550C not finalHT
La24Q355_verified_4,La24Q355,10.3390/ma17184467,4,low-alloy steel,0.16,0.28,1.34,,,,,0.031,La,reported_steel_composition,hot_rolled,not_reported,NaHSO3,,0.0,0,0.01,,,not_reported,0.5,6.65e-06,A/cm2,6.65e-06,Table2 p12; Table1 p2; Sec2.1/2.4 and3.6,Exact Table2 target replaces old estimates; PDP surface/pre-exposure mapping ambiguous;72h belongs to separate cyclic test and not assigned toPDP; roomtemperature not25C; reheating1200C/coiling550C not finalHT
