id,panel,model,log_R2,raw_R2,log_MAE,params
0,compact,GB,-0.932557560317052,-0.13316765576920853,1.1825526820755723,"{""n_estimators"": 100, ""max_depth"": 1, ""learning_rate"": 0.05, ""loss"": ""huber"", ""random_state"": 42}"
1,compact,GB,-0.8076919865468073,-0.12043060431084562,1.139570319142075,"{""n_estimators"": 100, ""max_depth"": 2, ""learning_rate"": 0.05, ""loss"": ""huber"", ""random_state"": 42}"
2,compact,ExtraTrees,-0.3906516857816522,-0.13840926615460392,0.9095558101037309,"{""n_estimators"": 80, ""max_depth"": null, ""min_samples_leaf"": 1, ""random_state"": 42, ""n_jobs"": 1}"
3,compact,RF,-0.7712652210155337,-0.12594541774789603,1.1373619861768132,"{""n_estimators"": 80, ""max_depth"": 3, ""min_samples_leaf"": 2, ""random_state"": 42, ""n_jobs"": 1}"
4,compact,Ridge,-5.71290987521729,-3133741.6006283015,1.4633845638987908,"{""alpha"": 100}"
5,compact,SVR,-0.05686575816539641,-0.11724056160457352,0.7795110719358804,"{""C"": 1, ""gamma"": 0.01}"
6,full,GB,-0.4857724520332096,-0.10094677221794535,0.9779622805847064,"{""n_estimators"": 100, ""max_depth"": 1, ""learning_rate"": 0.05, ""loss"": ""huber"", ""random_state"": 42}"
7,full,GB,-0.6879770318103144,-0.1212335454233806,0.9581071229358471,"{""n_estimators"": 100, ""max_depth"": 2, ""learning_rate"": 0.05, ""loss"": ""huber"", ""random_state"": 42}"
8,full,ExtraTrees,-1.0586916930552976,-0.15505916400534425,1.1229179399529254,"{""n_estimators"": 80, ""max_depth"": null, ""min_samples_leaf"": 1, ""random_state"": 42, ""n_jobs"": 1}"
9,full,RF,-0.7000872839809436,-0.11052570548234675,1.053497846847615,"{""n_estimators"": 80, ""max_depth"": 3, ""min_samples_leaf"": 2, ""random_state"": 42, ""n_jobs"": 1}"
10,full,Ridge,-3.128717483833607,-21511.25397442126,1.3068120225191622,"{""alpha"": 100}"
11,full,SVR,-0.3152179196088438,-0.1333809053798347,0.890909088640148,"{""C"": 1, ""gamma"": 0.01}"
12,transfer,GB,-0.6995737716423849,-0.12288014237525369,1.1364317394329193,"{""n_estimators"": 100, ""max_depth"": 1, ""learning_rate"": 0.05, ""loss"": ""huber"", ""random_state"": 42}"
13,transfer,GB,-0.7813920208718952,-0.1259056861545318,1.1335489348786536,"{""n_estimators"": 100, ""max_depth"": 2, ""learning_rate"": 0.05, ""loss"": ""huber"", ""random_state"": 42}"
14,transfer,ExtraTrees,-0.3060852355201087,-0.12667323579926348,0.8833651160646931,"{""n_estimators"": 80, ""max_depth"": null, ""min_samples_leaf"": 1, ""random_state"": 42, ""n_jobs"": 1}"
15,transfer,RF,-0.5826721287281442,-0.11459401269610758,1.0683411158290885,"{""n_estimators"": 80, ""max_depth"": 3, ""min_samples_leaf"": 2, ""random_state"": 42, ""n_jobs"": 1}"
16,transfer,Ridge,-4.036750557461629,-81981.50705627356,1.4215513688465395,"{""alpha"": 100}"
17,transfer,SVR,-0.20106954268032085,-0.12455911706558132,0.8368842101163816,"{""C"": 1, ""gamma"": 0.01}"
