record_id,reference_id,actual_icorr,predicted_icorr,actual_log,predicted_log
RECORR_000001,Tang2019,5.31e-05,2.944263840537074e-05,-4.274905478918531,-4.531023274716623
RECORR_000002,Tang2019,4.6e-05,7.805481323558211e-05,-4.337242168318426,-4.107600311087134
RECORR_000003,Tang2019,2.93e-05,7.810523991720909e-05,-4.533132379645891,-4.107319829236746
RECORR_000004,MDPI26LaCe,1.893e-06,8.327782256182326e-05,-5.722849386036203,-4.079470638705824
RECORR_000005,MDPI26LaCe,1.829e-06,4.719714412182051e-05,-5.737786294523583,-4.32608427953664
RECORR_000006,MDPI26LaCe,1.29e-06,5.991788854350908e-05,-5.889410289700751,-4.222443499214792
RECORR_000007,Zhang2025,3.07e-06,3.329880865873874e-05,-5.512861624522814,-4.477571304097019
RECORR_000008,Zhang2025,2.13e-06,3.329880865873874e-05,-5.671620396561262,-4.477571304097019
RECORR_000009,Zhang2025,1.71e-06,3.329880865873874e-05,-5.767003889607846,-4.477571304097019
RECORR_000010,Coat24,0.000182,5.932805230940336e-05,-3.7399286120149253,-4.22673990895503
RECORR_000011,Coat24,6.59e-05,4.20976699889777e-05,-4.18111458540599,-4.375741940718553
RECORR_000012,Coat24,7.57e-05,4.3935102977353856e-05,-4.120904120499927,-4.3571883513397855
RECORR_000013,Coat24,9.53e-05,4.306901584695027e-05,-4.020907099361674,-4.365835052015485
NEW_Ma19FSS_FSS1,Ma19FSS,0.000317,6.2432421790697926e-06,-3.4989407377822483,-5.204589818201231
NEW_Ma19FSS_FSS2,Ma19FSS,0.00025,4.451139344339973e-06,-3.6020599913279625,-5.351528809777086
NEW_Ma19FSS_FSS3,Ma19FSS,0.000235,4.451139344339973e-06,-3.6289321377282637,-5.351528809777086
NEW_Ma19FSS_FSS4,Ma19FSS,0.00017199999999999998,4.61509364902697e-06,-3.7644715530924513,-5.3358194818876905
NEW_Bridge25_1,Bridge25,0.000477,5.985524512491567e-06,-3.321481620959886,-5.22289778629354
NEW_Bridge25_2,Bridge25,0.00033,5.985524512491567e-06,-3.4814860601221125,-5.22289778629354
NEW_Bridge25_3,Bridge25,0.000319,5.909168445344206e-06,-3.496209316942819,-5.228473629949118
NEW_UCS23_UCS-Q235BRE(C),UCS23,0.00202,1.4110821637282829e-05,-2.694648630553376,-4.85044769764543
NEW_UCS23_UCS-Q235BRE(R),UCS23,0.00135,1.4110821637282829e-05,-2.869666231504994,-4.85044769764543
NEW_UCS23_UCS-Q235B(R),UCS23,0.00384,1.5063272248513507e-05,-2.415668775632469,-4.8220806745427405
NEW_UCS23_UCS-SPA-H(R),UCS23,0.00441,3.861915821611317e-05,-2.3555614105321614,-4.41319719679384
GCr23_hot_rolled_0,GCr23,4.2e-06,0.0004159702718928436,-5.376750709602099,-3.380937705945926
GCr23_hot_rolled_1,GCr23,3.1699999999999997e-06,0.00036031468694559213,-5.498940737782249,-3.443318035048047
GCr23_annealed_0,GCr23,3.24e-06,0.0004034157597806352,-5.489454989793388,-3.3942471397076033
GCr23_annealed_1,GCr23,2.08e-06,0.0003548356512796309,-5.681936665037238,-3.449972751928886
GCr23_quenched_tempered_0,GCr23,6.82e-06,0.0004159702718928436,-5.166215625343521,-3.380937705945926
GCr23_quenched_tempered_1,GCr23,5.35e-06,0.00036031468694559213,-5.2716462179787715,-3.443318035048047
CC25_verified_1,CC25,7.253e-06,7.42998459925723e-05,-5.139482322538254,-4.129012086436536
CC25_verified_2,CC25,6.592999999999999e-06,6.199792068212423e-05,-5.180916924256297,-4.207622875847273
CC25_verified_3,CC25,5.439e-06,6.107095295754336e-05,-5.264480941184829,-4.2141653031747
CC25_verified_4,CC25,3.4119999999999997e-06,5.990015187491063e-05,-5.466990977504515,-4.222572076469587
Al10_26_0_pre72h,Al10_26,0.000274,9.193247937161423e-06,-3.562249437179612,-5.036531027026875
Al10_26_0_pre120h,Al10_26,0.00026,9.193247937161423e-06,-3.5850266520291822,-5.036531027026875
Al10_26_0_pre168h,Al10_26,0.000146,9.193247937161423e-06,-3.835647144215563,-5.036531027026875
Al10_26_0_pre216h,Al10_26,0.000151,9.193247937161423e-06,-3.8210230527068307,-5.036531027026875
Al10_26_1_pre72h,Al10_26,0.000259,8.114413857282775e-06,-3.586700235918748,-5.090742845861343
Al10_26_1_pre120h,Al10_26,0.000136,8.114413857282775e-06,-3.8664610916297826,-5.090742845861343
Al10_26_1_pre168h,Al10_26,0.000124,8.114413857282775e-06,-3.906578314837765,-5.090742845861343
Al10_26_1_pre216h,Al10_26,0.000107,8.114413857282775e-06,-3.9706162223147903,-5.090742845861343
Al10_26_2_pre72h,Al10_26,0.000119,8.114413857282775e-06,-3.9244530386074694,-5.090742845861343
Al10_26_2_pre120h,Al10_26,0.000111,8.114413857282775e-06,-3.9546770212133424,-5.090742845861343
Al10_26_2_pre168h,Al10_26,0.000108,8.114413857282775e-06,-3.96657624451305,-5.090742845861343
Al10_26_2_pre216h,Al10_26,4.1e-05,8.114413857282775e-06,-4.3872161432802645,-5.090742845861343
La24Q355_verified_0,La24Q355,0.000404,4.2931120706233235e-06,-3.393618634889395,-5.367227774223099
La24Q355_verified_1,La24Q355,2.52e-05,3.879987299821819e-06,-4.598599459218456,-5.411169695958971
La24Q355_verified_2,La24Q355,1.91e-05,3.781548688389477e-06,-4.718966632752273,-5.422330303581305
La24Q355_verified_3,La24Q355,1.15e-05,3.744641679674359e-06,-4.939302159646388,-5.426589733100783
La24Q355_verified_4,La24Q355,6.65e-06,3.724137262045152e-06,-5.1771783546968955,-5.428974320426947
