reference_id,rows,log_MAE,median_error_factor,max_error_factor
UCS23,4,2.1501570546011104,127.85491465865326,254.92468944647433
GCr23,6,1.998702261985472,106.10060326076635,170.59406311520698
Bridge25,3,1.6501580845279884,40.237689146257345,57.00742807844327
MDPI26LaCe,3,1.574015850934427,43.99251059789922,46.44797561512333
Ma19FSS,4,1.304847596811171,20.55666399512518,26.884871435911073
Al10_26,12,1.2087368563793206,15.57844864327826,31.918510018754436
Zhang2025,3,1.1729239994669551,15.633243501755263,19.472987519730243
CC25,4,1.0696247058889499,10.724892235497318,17.55573032676162
La24Q355,5,0.8457253172175392,5.05084069356105,94.1042286700293
Coat24,4,0.3156627089365843,1.9525676593151504,3.0676887731093334
Tang2019,3,0.30385740114617593,1.8035068484322323,2.665707847003725
