record_id,reference_id,doi,target_locator,quality_flags,missing_critical_columns,review_priority
CC25_verified_1,CC25,10.1007/s42243-025-01553-x,Table4; actual CC RE mass fractions Sec3.1.2 Fig6/8 text; test Sec2 andFig10,CC nonRE quantitative composition not separately reported; room temperature not converted to25C; sample surface preparation unclear,temperature_C|C_wt_pct|Cr_wt_pct|Ni_wt_pct|Cl_mol_L|pre_exposure_h,9
CC25_verified_2,CC25,10.1007/s42243-025-01553-x,Table4; actual CC RE mass fractions Sec3.1.2 Fig6/8 text; test Sec2 andFig10,CC nonRE quantitative composition not separately reported; room temperature not converted to25C; sample surface preparation unclear,temperature_C|C_wt_pct|Cr_wt_pct|Ni_wt_pct|Cl_mol_L|pre_exposure_h,9
CC25_verified_3,CC25,10.1007/s42243-025-01553-x,Table4; actual CC RE mass fractions Sec3.1.2 Fig6/8 text; test Sec2 andFig10,CC nonRE quantitative composition not separately reported; room temperature not converted to25C; sample surface preparation unclear,temperature_C|C_wt_pct|Cr_wt_pct|Ni_wt_pct|Cl_mol_L|pre_exposure_h,9
CC25_verified_4,CC25,10.1007/s42243-025-01553-x,Table4; actual CC RE mass fractions Sec3.1.2 Fig6/8 text; test Sec2 andFig10,CC nonRE quantitative composition not separately reported; room temperature not converted to25C; sample surface preparation unclear,temperature_C|C_wt_pct|Cr_wt_pct|Ni_wt_pct|Cl_mol_L|pre_exposure_h,9
La24Q355_verified_0,La24Q355,10.3390/ma17184467,Table2 p12; Table1 p2; Sec2.1/2.4 and3.6,Exact Table2 target replaces old estimates; PDP surface/pre-exposure mapping ambiguous;72h belongs to separate cyclic test and not assigned toPDP; roomtemperature not25C; reheating1200C/coiling550C not finalHT,temperature_C|Cr_wt_pct|Ni_wt_pct|NaCl_wt_pct|pre_exposure_h,8
La24Q355_verified_1,La24Q355,10.3390/ma17184467,Table2 p12; Table1 p2; Sec2.1/2.4 and3.6,Exact Table2 target replaces old estimates; PDP surface/pre-exposure mapping ambiguous;72h belongs to separate cyclic test and not assigned toPDP; roomtemperature not25C; reheating1200C/coiling550C not finalHT,temperature_C|Cr_wt_pct|Ni_wt_pct|NaCl_wt_pct|pre_exposure_h,8
La24Q355_verified_2,La24Q355,10.3390/ma17184467,Table2 p12; Table1 p2; Sec2.1/2.4 and3.6,Exact Table2 target replaces old estimates; PDP surface/pre-exposure mapping ambiguous;72h belongs to separate cyclic test and not assigned toPDP; roomtemperature not25C; reheating1200C/coiling550C not finalHT,temperature_C|Cr_wt_pct|Ni_wt_pct|NaCl_wt_pct|pre_exposure_h,8
La24Q355_verified_3,La24Q355,10.3390/ma17184467,Table2 p12; Table1 p2; Sec2.1/2.4 and3.6,Exact Table2 target replaces old estimates; PDP surface/pre-exposure mapping ambiguous;72h belongs to separate cyclic test and not assigned toPDP; roomtemperature not25C; reheating1200C/coiling550C not finalHT,temperature_C|Cr_wt_pct|Ni_wt_pct|NaCl_wt_pct|pre_exposure_h,8
La24Q355_verified_4,La24Q355,10.3390/ma17184467,Table2 p12; Table1 p2; Sec2.1/2.4 and3.6,Exact Table2 target replaces old estimates; PDP surface/pre-exposure mapping ambiguous;72h belongs to separate cyclic test and not assigned toPDP; roomtemperature not25C; reheating1200C/coiling550C not finalHT,temperature_C|Cr_wt_pct|Ni_wt_pct|NaCl_wt_pct|pre_exposure_h,8
Al10_26_0_pre120h,Al10_26,10.13228/j.boyuan.issn1006-9356.20250594,Table3 p122; composition Table1 p119; PDP Sec1.3; pre-exposure Sec1.2,PDP temperature unreported;45C applies to pre-exposure only; Table3 unit A/cm2 preserved; Cr/Ni/Cu/Mo unreported not0; reheating1135C not finalHT,temperature_C|Cr_wt_pct|Ni_wt_pct|NaCl_wt_pct,7
Al10_26_0_pre168h,Al10_26,10.13228/j.boyuan.issn1006-9356.20250594,Table3 p122; composition Table1 p119; PDP Sec1.3; pre-exposure Sec1.2,PDP temperature unreported;45C applies to pre-exposure only; Table3 unit A/cm2 preserved; Cr/Ni/Cu/Mo unreported not0; reheating1135C not finalHT,temperature_C|Cr_wt_pct|Ni_wt_pct|NaCl_wt_pct,7
Al10_26_0_pre216h,Al10_26,10.13228/j.boyuan.issn1006-9356.20250594,Table3 p122; composition Table1 p119; PDP Sec1.3; pre-exposure Sec1.2,PDP temperature unreported;45C applies to pre-exposure only; Table3 unit A/cm2 preserved; Cr/Ni/Cu/Mo unreported not0; reheating1135C not finalHT,temperature_C|Cr_wt_pct|Ni_wt_pct|NaCl_wt_pct,7
Al10_26_0_pre72h,Al10_26,10.13228/j.boyuan.issn1006-9356.20250594,Table3 p122; composition Table1 p119; PDP Sec1.3; pre-exposure Sec1.2,PDP temperature unreported;45C applies to pre-exposure only; Table3 unit A/cm2 preserved; Cr/Ni/Cu/Mo unreported not0; reheating1135C not finalHT,temperature_C|Cr_wt_pct|Ni_wt_pct|NaCl_wt_pct,7
Al10_26_1_pre120h,Al10_26,10.13228/j.boyuan.issn1006-9356.20250594,Table3 p122; composition Table1 p119; PDP Sec1.3; pre-exposure Sec1.2,PDP temperature unreported;45C applies to pre-exposure only; Table3 unit A/cm2 preserved; Cr/Ni/Cu/Mo unreported not0; reheating1135C not finalHT,temperature_C|Cr_wt_pct|Ni_wt_pct|NaCl_wt_pct,7
Al10_26_1_pre168h,Al10_26,10.13228/j.boyuan.issn1006-9356.20250594,Table3 p122; composition Table1 p119; PDP Sec1.3; pre-exposure Sec1.2,PDP temperature unreported;45C applies to pre-exposure only; Table3 unit A/cm2 preserved; Cr/Ni/Cu/Mo unreported not0; reheating1135C not finalHT,temperature_C|Cr_wt_pct|Ni_wt_pct|NaCl_wt_pct,7
Al10_26_1_pre216h,Al10_26,10.13228/j.boyuan.issn1006-9356.20250594,Table3 p122; composition Table1 p119; PDP Sec1.3; pre-exposure Sec1.2,PDP temperature unreported;45C applies to pre-exposure only; Table3 unit A/cm2 preserved; Cr/Ni/Cu/Mo unreported not0; reheating1135C not finalHT,temperature_C|Cr_wt_pct|Ni_wt_pct|NaCl_wt_pct,7
Al10_26_1_pre72h,Al10_26,10.13228/j.boyuan.issn1006-9356.20250594,Table3 p122; composition Table1 p119; PDP Sec1.3; pre-exposure Sec1.2,PDP temperature unreported;45C applies to pre-exposure only; Table3 unit A/cm2 preserved; Cr/Ni/Cu/Mo unreported not0; reheating1135C not finalHT,temperature_C|Cr_wt_pct|Ni_wt_pct|NaCl_wt_pct,7
Al10_26_2_pre120h,Al10_26,10.13228/j.boyuan.issn1006-9356.20250594,Table3 p122; composition Table1 p119; PDP Sec1.3; pre-exposure Sec1.2,PDP temperature unreported;45C applies to pre-exposure only; Table3 unit A/cm2 preserved; Cr/Ni/Cu/Mo unreported not0; reheating1135C not finalHT,temperature_C|Cr_wt_pct|Ni_wt_pct|NaCl_wt_pct,7
Al10_26_2_pre168h,Al10_26,10.13228/j.boyuan.issn1006-9356.20250594,Table3 p122; composition Table1 p119; PDP Sec1.3; pre-exposure Sec1.2,PDP temperature unreported;45C applies to pre-exposure only; Table3 unit A/cm2 preserved; Cr/Ni/Cu/Mo unreported not0; reheating1135C not finalHT,temperature_C|Cr_wt_pct|Ni_wt_pct|NaCl_wt_pct,7
Al10_26_2_pre216h,Al10_26,10.13228/j.boyuan.issn1006-9356.20250594,Table3 p122; composition Table1 p119; PDP Sec1.3; pre-exposure Sec1.2,PDP temperature unreported;45C applies to pre-exposure only; Table3 unit A/cm2 preserved; Cr/Ni/Cu/Mo unreported not0; reheating1135C not finalHT,temperature_C|Cr_wt_pct|Ni_wt_pct|NaCl_wt_pct,7
Al10_26_2_pre72h,Al10_26,10.13228/j.boyuan.issn1006-9356.20250594,Table3 p122; composition Table1 p119; PDP Sec1.3; pre-exposure Sec1.2,PDP temperature unreported;45C applies to pre-exposure only; Table3 unit A/cm2 preserved; Cr/Ni/Cu/Mo unreported not0; reheating1135C not finalHT,temperature_C|Cr_wt_pct|Ni_wt_pct|NaCl_wt_pct,7
RECORR_000011,Coat24,10.3390/coatings14040413,Abstract; section 3.4; Tables 1–2,PDP ±5mV 범위 원문 기재; Ce 초록/Table2 불일치; Table2 사용,C_wt_pct|Cr_wt_pct|Ni_wt_pct|pre_exposure_h,7
RECORR_000012,Coat24,10.3390/coatings14040413,Abstract; section 3.4; Tables 1–2,PDP ±5mV 범위 원문 기재; Ce 초록/Table2 불일치; Table2 사용,C_wt_pct|Cr_wt_pct|Ni_wt_pct|pre_exposure_h,7
RECORR_000013,Coat24,10.3390/coatings14040413,Abstract; section 3.4; Tables 1–2,PDP ±5mV 범위 원문 기재; Ce 초록/Table2 불일치; Table2 사용,C_wt_pct|Cr_wt_pct|Ni_wt_pct|pre_exposure_h,7
GCr23_annealed_0,GCr23,10.1016/j.corcom.2022.06.004,Table4: electrochemical parameters; preparation Section2.1; electrochemical Section2.4,room temperature not converted to25C; rolling temperature/melting route unreported; full anneal + quench-temper sequence retained,temperature_C|Ni_wt_pct|NaCl_wt_pct|pre_exposure_h,7
GCr23_annealed_1,GCr23,10.1016/j.corcom.2022.06.004,Table4: electrochemical parameters; preparation Section2.1; electrochemical Section2.4,room temperature not converted to25C; rolling temperature/melting route unreported; full anneal + quench-temper sequence retained,temperature_C|Ni_wt_pct|NaCl_wt_pct|pre_exposure_h,7
GCr23_hot_rolled_0,GCr23,10.1016/j.corcom.2022.06.004,Table4: electrochemical parameters; preparation Section2.1; electrochemical Section2.4,room temperature not converted to25C; rolling temperature/melting route unreported; full anneal + quench-temper sequence retained,temperature_C|Ni_wt_pct|NaCl_wt_pct|pre_exposure_h,7
GCr23_hot_rolled_1,GCr23,10.1016/j.corcom.2022.06.004,Table4: electrochemical parameters; preparation Section2.1; electrochemical Section2.4,room temperature not converted to25C; rolling temperature/melting route unreported; full anneal + quench-temper sequence retained,temperature_C|Ni_wt_pct|NaCl_wt_pct|pre_exposure_h,7
GCr23_quenched_tempered_0,GCr23,10.1016/j.corcom.2022.06.004,Table4: electrochemical parameters; preparation Section2.1; electrochemical Section2.4,room temperature not converted to25C; rolling temperature/melting route unreported; full anneal + quench-temper sequence retained,temperature_C|Ni_wt_pct|NaCl_wt_pct|pre_exposure_h,7
GCr23_quenched_tempered_1,GCr23,10.1016/j.corcom.2022.06.004,Table4: electrochemical parameters; preparation Section2.1; electrochemical Section2.4,room temperature not converted to25C; rolling temperature/melting route unreported; full anneal + quench-temper sequence retained,temperature_C|Ni_wt_pct|NaCl_wt_pct|pre_exposure_h,7
RECORR_000001,Tang2019,10.3390/ma12203359,Table 2; composition Table 1; methods 2.2.1,Al vs Ti/Zr 탈산법 동시 변화; RE 인과효과로 해석 금지,C_wt_pct|Cr_wt_pct|Ni_wt_pct|pre_exposure_h,7
NEW_Bridge25_1,Bridge25,10.3390/met15010085,Table1 and Table7; section3.4.1,시험온도 수치 미기재: 염수분무25°C를 PDP 온도로 대체하지 않음; 3.5%NaCl 맥락 연결,temperature_C|Cl_mol_L|pre_exposure_h,6
NEW_Bridge25_2,Bridge25,10.3390/met15010085,Table1 and Table7; section3.4.1,시험온도 수치 미기재: 염수분무25°C를 PDP 온도로 대체하지 않음; 3.5%NaCl 맥락 연결,temperature_C|Cl_mol_L|pre_exposure_h,6
NEW_Bridge25_3,Bridge25,10.3390/met15010085,Table1 and Table7; section3.4.1,시험온도 수치 미기재: 염수분무25°C를 PDP 온도로 대체하지 않음; 3.5%NaCl 맥락 연결,temperature_C|Cl_mol_L|pre_exposure_h,6
RECORR_000010,Coat24,10.3390/coatings14040413,Abstract; section 3.4; Tables 1–2,PDP ±5mV 범위 원문 기재; Ce 초록/Table2 불일치; Table2 사용,Cr_wt_pct|Ni_wt_pct|pre_exposure_h,6
RECORR_000004,MDPI26LaCe,10.3390/ma19122685,Table 2; Table 1; methods 2.3,Sb 동시 변화; Ecorr 원문 mV/수치 불일치,temperature_C|Cl_mol_L|pre_exposure_h,6
RECORR_000005,MDPI26LaCe,10.3390/ma19122685,Table 2; Table 1; methods 2.3,Sb 동시 변화; Ecorr 원문 mV/수치 불일치,temperature_C|Cl_mol_L|pre_exposure_h,6
RECORR_000006,MDPI26LaCe,10.3390/ma19122685,Table 2; Table 1; methods 2.3,Sb 동시 변화; Ecorr 원문 mV/수치 불일치,temperature_C|Cl_mol_L|pre_exposure_h,6
NEW_Ma19FSS_FSS1,Ma19FSS,10.20964/2019.03.31,"Table1; Table2 last icorr column, PDF p4",W 동시 첨가; Ecorr 부호/단위 모호하므로 Ecorr 미사용,Ni_wt_pct|NaCl_wt_pct|pre_exposure_h,6
NEW_Ma19FSS_FSS2,Ma19FSS,10.20964/2019.03.31,"Table1; Table2 last icorr column, PDF p4",W 동시 첨가; Ecorr 부호/단위 모호하므로 Ecorr 미사용,Ni_wt_pct|NaCl_wt_pct|pre_exposure_h,6
NEW_Ma19FSS_FSS3,Ma19FSS,10.20964/2019.03.31,"Table1; Table2 last icorr column, PDF p4",W 동시 첨가; Ecorr 부호/단위 모호하므로 Ecorr 미사용,Ni_wt_pct|NaCl_wt_pct|pre_exposure_h,6
NEW_Ma19FSS_FSS4,Ma19FSS,10.20964/2019.03.31,"Table1; Table2 last icorr column, PDF p4",W 동시 첨가; Ecorr 부호/단위 모호하므로 Ecorr 미사용,Ni_wt_pct|NaCl_wt_pct|pre_exposure_h,6
NEW_UCS23_UCS-Q235B(R),UCS23,10.3390/met13010066,"Tables1,5; electrochemical method20°C",La .0015+Ce .0025; C/R 공정·비RE 조성 교란; 원문 mA 단위 명시,Cl_mol_L|pre_exposure_h,5
NEW_UCS23_UCS-Q235BRE(C),UCS23,10.3390/met13010066,"Tables1,5; electrochemical method20°C",La .0015+Ce .0025; C/R 공정·비RE 조성 교란; 원문 mA 단위 명시,Cl_mol_L|pre_exposure_h,5
NEW_UCS23_UCS-Q235BRE(R),UCS23,10.3390/met13010066,"Tables1,5; electrochemical method20°C",La .0015+Ce .0025; C/R 공정·비RE 조성 교란; 원문 mA 단위 명시,Cl_mol_L|pre_exposure_h,5
NEW_UCS23_UCS-SPA-H(R),UCS23,10.3390/met13010066,"Tables1,5; electrochemical method20°C",La .0015+Ce .0025; C/R 공정·비RE 조성 교란; 원문 mA 단위 명시,Cl_mol_L|pre_exposure_h,5
RECORR_000007,Zhang2025,10.3390/ma18010069,원문 composition/polarization tables; electrochemical methods,용체화1050°C; 별도 FeCl3 시험조건은 PDP에 넣지 않음,temperature_C|pre_exposure_h,5
RECORR_000008,Zhang2025,10.3390/ma18010069,원문 composition/polarization tables; electrochemical methods,용체화1050°C; 별도 FeCl3 시험조건은 PDP에 넣지 않음,temperature_C|pre_exposure_h,5
RECORR_000009,Zhang2025,10.3390/ma18010069,원문 composition/polarization tables; electrochemical methods,용체화1050°C; 별도 FeCl3 시험조건은 PDP에 넣지 않음,temperature_C|pre_exposure_h,5
RECORR_000002,Tang2019,10.3390/ma12203359,Table 2; composition Table 1; methods 2.2.1,Al vs Ti/Zr 탈산법 동시 변화; RE 인과효과로 해석 금지,pre_exposure_h,4
RECORR_000003,Tang2019,10.3390/ma12203359,Table 2; composition Table 1; methods 2.2.1,Al vs Ti/Zr 탈산법 동시 변화; RE 인과효과로 해석 금지,pre_exposure_h,4
